control_id,missing_any_symbol,missing_any_vol,min_rows_vol
volmageddon_control_2018_01_25,True,True,0
volmageddon_control_2018_01_26,True,True,0
volmageddon_control_2018_01_24,False,False,3
volmageddon_control_2018_01_29,False,False,4
volmageddon_control_2018_01_23,False,False,6
volmageddon_control_2018_02_01,False,False,7
volmageddon_control_2018_01_31,False,False,12
volmageddon_control_2018_02_06,False,False,20
volmageddon_control_2018_01_30,False,False,24
volmageddon_control_2018_02_02,False,False,35
volmageddon_control_2018_02_07,False,False,36
volmageddon_control_2018_02_08,False,False,114
covid_noncollapse_2020_04_03,False,False,470
covid_noncollapse_2020_04_02,False,False,499
covid_noncollapse_2020_03_30,False,False,517
covid_noncollapse_2020_03_31,False,False,518
covid_noncollapse_2020_04_01,False,False,519
covid_noncollapse_2020_03_27,False,False,572
covid_noncollapse_2020_03_26,False,False,593
covid_noncollapse_2020_03_13,False,False,623
covid_noncollapse_2020_03_17,False,False,625
covid_noncollapse_2020_03_25,False,False,634
covid_noncollapse_2020_03_20,False,False,636
covid_noncollapse_2020_03_10,False,False,661
covid_noncollapse_2020_03_11,False,False,661
covid_noncollapse_2020_03_19,False,False,662
covid_noncollapse_2020_03_24,False,False,732
covid_noncollapse_2020_03_23,False,False,755
