family,config_id,window,threshold_a,threshold_b,n_events,n_event_success,n_event_fail,event_success_rate,event_success_ids,event_fail_ids,median_lead_minutes,median_lead_bars,n_controls,n_controls_with_alarm,n_controls_without_alarm,control_alarm_ids,control_silent_ids,control_window_fp_rate,control_row_fp_rate,control_window_fp_accepted,total_control_alarm_rows,total_control_rows
variance_z,variance_z_w16_a1.0,16,1.0,,2,2,0,1.0,"['volmageddon_2018_xiv', 'covid_mwcb_2020_03_18']",[],600.1416666666667,600.1416666666667,16,16,0,"['volmageddon_control_2018_01_24', 'volmageddon_control_2018_01_26', 'volmageddon_control_2018_01_29', 'volmageddon_control_2018_01_30', 'volmageddon_control_2018_01_31', 'volmageddon_control_2018_02_01', 'volmageddon_control_2018_02_02', 'volmageddon_control_2018_02_06', 'covid_noncollapse_2020_03_17', 'covid_noncollapse_2020_03_19', 'covid_noncollapse_2020_03_20', 'covid_noncollapse_2020_03_23', 'covid_noncollapse_2020_03_24', 'covid_noncollapse_2020_03_25', 'covid_noncollapse_2020_03_26', 'covid_noncollapse_2020_03_27']",[],1.0,0.12708646751199942,False,1774,13959
variance_z,variance_z_w16_a1.5,16,1.5,,2,2,0,1.0,"['volmageddon_2018_xiv', 'covid_mwcb_2020_03_18']",[],593.6416666666667,593.6416666666667,16,16,0,"['volmageddon_control_2018_01_24', 'volmageddon_control_2018_01_26', 'volmageddon_control_2018_01_29', 'volmageddon_control_2018_01_30', 'volmageddon_control_2018_01_31', 'volmageddon_control_2018_02_01', 'volmageddon_control_2018_02_02', 'volmageddon_control_2018_02_06', 'covid_noncollapse_2020_03_17', 'covid_noncollapse_2020_03_19', 'covid_noncollapse_2020_03_20', 'covid_noncollapse_2020_03_23', 'covid_noncollapse_2020_03_24', 'covid_noncollapse_2020_03_25', 'covid_noncollapse_2020_03_26', 'covid_noncollapse_2020_03_27']",[],1.0,0.04047567877355111,False,565,13959
variance_z,variance_z_w16_a2.0,16,2.0,,2,2,0,1.0,"['volmageddon_2018_xiv', 'covid_mwcb_2020_03_18']",[],430.14166666666665,430.14166666666665,16,15,1,"['volmageddon_control_2018_01_24', 'volmageddon_control_2018_01_26', 'volmageddon_control_2018_01_29', 'volmageddon_control_2018_01_30', 'volmageddon_control_2018_01_31', 'volmageddon_control_2018_02_01', 'volmageddon_control_2018_02_06', 'covid_noncollapse_2020_03_17', 'covid_noncollapse_2020_03_19', 'covid_noncollapse_2020_03_20', 'covid_noncollapse_2020_03_23', 'covid_noncollapse_2020_03_24', 'covid_noncollapse_2020_03_25', 'covid_noncollapse_2020_03_26', 'covid_noncollapse_2020_03_27']",['volmageddon_control_2018_02_02'],0.9375,0.008453327602263772,False,118,13959
variance_z,variance_z_w16_a2.5,16,2.5,,2,1,1,0.5,['covid_mwcb_2020_03_18'],['volmageddon_2018_xiv'],204.28333333333333,204.28333333333333,16,9,7,"['volmageddon_control_2018_01_26', 'volmageddon_control_2018_01_29', 'volmageddon_control_2018_01_30', 'volmageddon_control_2018_02_01', 'covid_noncollapse_2020_03_17', 'covid_noncollapse_2020_03_23', 'covid_noncollapse_2020_03_24', 'covid_noncollapse_2020_03_25', 'covid_noncollapse_2020_03_26']","['volmageddon_control_2018_01_24', 'volmageddon_control_2018_01_31', 'volmageddon_control_2018_02_02', 'volmageddon_control_2018_02_06', 'covid_noncollapse_2020_03_19', 'covid_noncollapse_2020_03_20', 'covid_noncollapse_2020_03_27']",0.5625,0.0014327673902141988,False,20,13959
variance_z,variance_z_w30_a1.0,30,1.0,,2,2,0,1.0,"['volmageddon_2018_xiv', 'covid_mwcb_2020_03_18']",[],539.6416666666667,539.6416666666667,16,16,0,"['volmageddon_control_2018_01_24', 'volmageddon_control_2018_01_26', 'volmageddon_control_2018_01_29', 'volmageddon_control_2018_01_30', 'volmageddon_control_2018_01_31', 'volmageddon_control_2018_02_01', 'volmageddon_control_2018_02_02', 'volmageddon_control_2018_02_06', 'covid_noncollapse_2020_03_17', 'covid_noncollapse_2020_03_19', 'covid_noncollapse_2020_03_20', 'covid_noncollapse_2020_03_23', 'covid_noncollapse_2020_03_24', 'covid_noncollapse_2020_03_25', 'covid_noncollapse_2020_03_26', 'covid_noncollapse_2020_03_27']",[],1.0,0.17472598323662153,False,2439,13959
variance_z,variance_z_w30_a1.5,30,1.5,,2,2,0,1.0,"['volmageddon_2018_xiv', 'covid_mwcb_2020_03_18']",[],493.14166666666665,493.14166666666665,16,16,0,"['volmageddon_control_2018_01_24', 'volmageddon_control_2018_01_26', 'volmageddon_control_2018_01_29', 'volmageddon_control_2018_01_30', 'volmageddon_control_2018_01_31', 'volmageddon_control_2018_02_01', 'volmageddon_control_2018_02_02', 'volmageddon_control_2018_02_06', 'covid_noncollapse_2020_03_17', 'covid_noncollapse_2020_03_19', 'covid_noncollapse_2020_03_20', 'covid_noncollapse_2020_03_23', 'covid_noncollapse_2020_03_24', 'covid_noncollapse_2020_03_25', 'covid_noncollapse_2020_03_26', 'covid_noncollapse_2020_03_27']",[],1.0,0.08102299591661294,False,1131,13959
variance_z,variance_z_w30_a2.0,30,2.0,,2,2,0,1.0,"['volmageddon_2018_xiv', 'covid_mwcb_2020_03_18']",[],493.14166666666665,493.14166666666665,16,16,0,"['volmageddon_control_2018_01_24', 'volmageddon_control_2018_01_26', 'volmageddon_control_2018_01_29', 'volmageddon_control_2018_01_30', 'volmageddon_control_2018_01_31', 'volmageddon_control_2018_02_01', 'volmageddon_control_2018_02_02', 'volmageddon_control_2018_02_06', 'covid_noncollapse_2020_03_17', 'covid_noncollapse_2020_03_19', 'covid_noncollapse_2020_03_20', 'covid_noncollapse_2020_03_23', 'covid_noncollapse_2020_03_24', 'covid_noncollapse_2020_03_25', 'covid_noncollapse_2020_03_26', 'covid_noncollapse_2020_03_27']",[],1.0,0.030303030303030304,False,423,13959
variance_z,variance_z_w30_a2.5,30,2.5,,2,2,0,1.0,"['volmageddon_2018_xiv', 'covid_mwcb_2020_03_18']",[],493.14166666666665,493.14166666666665,16,16,0,"['volmageddon_control_2018_01_24', 'volmageddon_control_2018_01_26', 'volmageddon_control_2018_01_29', 'volmageddon_control_2018_01_30', 'volmageddon_control_2018_01_31', 'volmageddon_control_2018_02_01', 'volmageddon_control_2018_02_02', 'volmageddon_control_2018_02_06', 'covid_noncollapse_2020_03_17', 'covid_noncollapse_2020_03_19', 'covid_noncollapse_2020_03_20', 'covid_noncollapse_2020_03_23', 'covid_noncollapse_2020_03_24', 'covid_noncollapse_2020_03_25', 'covid_noncollapse_2020_03_26', 'covid_noncollapse_2020_03_27']",[],1.0,0.009742818253456551,False,136,13959
variance_z,variance_z_w45_a1.0,45,1.0,,2,2,0,1.0,"['volmageddon_2018_xiv', 'covid_mwcb_2020_03_18']",[],521.6416666666667,521.6416666666667,16,16,0,"['volmageddon_control_2018_01_24', 'volmageddon_control_2018_01_26', 'volmageddon_control_2018_01_29', 'volmageddon_control_2018_01_30', 'volmageddon_control_2018_01_31', 'volmageddon_control_2018_02_01', 'volmageddon_control_2018_02_02', 'volmageddon_control_2018_02_06', 'covid_noncollapse_2020_03_17', 'covid_noncollapse_2020_03_19', 'covid_noncollapse_2020_03_20', 'covid_noncollapse_2020_03_23', 'covid_noncollapse_2020_03_24', 'covid_noncollapse_2020_03_25', 'covid_noncollapse_2020_03_26', 'covid_noncollapse_2020_03_27']",[],1.0,0.18984167920338132,False,2650,13959
variance_z,variance_z_w45_a1.5,45,1.5,,2,2,0,1.0,"['volmageddon_2018_xiv', 'covid_mwcb_2020_03_18']",[],521.6416666666667,521.6416666666667,16,16,0,"['volmageddon_control_2018_01_24', 'volmageddon_control_2018_01_26', 'volmageddon_control_2018_01_29', 'volmageddon_control_2018_01_30', 'volmageddon_control_2018_01_31', 'volmageddon_control_2018_02_01', 'volmageddon_control_2018_02_02', 'volmageddon_control_2018_02_06', 'covid_noncollapse_2020_03_17', 'covid_noncollapse_2020_03_19', 'covid_noncollapse_2020_03_20', 'covid_noncollapse_2020_03_23', 'covid_noncollapse_2020_03_24', 'covid_noncollapse_2020_03_25', 'covid_noncollapse_2020_03_26', 'covid_noncollapse_2020_03_27']",[],1.0,0.09792965112114048,False,1367,13959
variance_z,variance_z_w45_a2.0,45,2.0,,2,2,0,1.0,"['volmageddon_2018_xiv', 'covid_mwcb_2020_03_18']",[],493.14166666666665,493.14166666666665,16,16,0,"['volmageddon_control_2018_01_24', 'volmageddon_control_2018_01_26', 'volmageddon_control_2018_01_29', 'volmageddon_control_2018_01_30', 'volmageddon_control_2018_01_31', 'volmageddon_control_2018_02_01', 'volmageddon_control_2018_02_02', 'volmageddon_control_2018_02_06', 'covid_noncollapse_2020_03_17', 'covid_noncollapse_2020_03_19', 'covid_noncollapse_2020_03_20', 'covid_noncollapse_2020_03_23', 'covid_noncollapse_2020_03_24', 'covid_noncollapse_2020_03_25', 'covid_noncollapse_2020_03_26', 'covid_noncollapse_2020_03_27']",[],1.0,0.04104878572963679,False,573,13959
variance_z,variance_z_w45_a2.5,45,2.5,,2,2,0,1.0,"['volmageddon_2018_xiv', 'covid_mwcb_2020_03_18']",[],488.14166666666665,488.14166666666665,16,16,0,"['volmageddon_control_2018_01_24', 'volmageddon_control_2018_01_26', 'volmageddon_control_2018_01_29', 'volmageddon_control_2018_01_30', 'volmageddon_control_2018_01_31', 'volmageddon_control_2018_02_01', 'volmageddon_control_2018_02_02', 'volmageddon_control_2018_02_06', 'covid_noncollapse_2020_03_17', 'covid_noncollapse_2020_03_19', 'covid_noncollapse_2020_03_20', 'covid_noncollapse_2020_03_23', 'covid_noncollapse_2020_03_24', 'covid_noncollapse_2020_03_25', 'covid_noncollapse_2020_03_26', 'covid_noncollapse_2020_03_27']",[],1.0,0.017909592377677485,False,250,13959
variance_z,variance_z_w60_a1.0,60,1.0,,2,2,0,1.0,"['volmageddon_2018_xiv', 'covid_mwcb_2020_03_18']",[],505.64166666666665,505.64166666666665,16,16,0,"['volmageddon_control_2018_01_24', 'volmageddon_control_2018_01_26', 'volmageddon_control_2018_01_29', 'volmageddon_control_2018_01_30', 'volmageddon_control_2018_01_31', 'volmageddon_control_2018_02_01', 'volmageddon_control_2018_02_02', 'volmageddon_control_2018_02_06', 'covid_noncollapse_2020_03_17', 'covid_noncollapse_2020_03_19', 'covid_noncollapse_2020_03_20', 'covid_noncollapse_2020_03_23', 'covid_noncollapse_2020_03_24', 'covid_noncollapse_2020_03_25', 'covid_noncollapse_2020_03_26', 'covid_noncollapse_2020_03_27']",[],1.0,0.2141987248370227,False,2990,13959
variance_z,variance_z_w60_a1.5,60,1.5,,2,2,0,1.0,"['volmageddon_2018_xiv', 'covid_mwcb_2020_03_18']",[],504.64166666666665,504.64166666666665,16,16,0,"['volmageddon_control_2018_01_24', 'volmageddon_control_2018_01_26', 'volmageddon_control_2018_01_29', 'volmageddon_control_2018_01_30', 'volmageddon_control_2018_01_31', 'volmageddon_control_2018_02_01', 'volmageddon_control_2018_02_02', 'volmageddon_control_2018_02_06', 'covid_noncollapse_2020_03_17', 'covid_noncollapse_2020_03_19', 'covid_noncollapse_2020_03_20', 'covid_noncollapse_2020_03_23', 'covid_noncollapse_2020_03_24', 'covid_noncollapse_2020_03_25', 'covid_noncollapse_2020_03_26', 'covid_noncollapse_2020_03_27']",[],1.0,0.11440647610860377,False,1597,13959
variance_z,variance_z_w60_a2.0,60,2.0,,2,2,0,1.0,"['volmageddon_2018_xiv', 'covid_mwcb_2020_03_18']",[],504.14166666666665,504.14166666666665,16,16,0,"['volmageddon_control_2018_01_24', 'volmageddon_control_2018_01_26', 'volmageddon_control_2018_01_29', 'volmageddon_control_2018_01_30', 'volmageddon_control_2018_01_31', 'volmageddon_control_2018_02_01', 'volmageddon_control_2018_02_02', 'volmageddon_control_2018_02_06', 'covid_noncollapse_2020_03_17', 'covid_noncollapse_2020_03_19', 'covid_noncollapse_2020_03_20', 'covid_noncollapse_2020_03_23', 'covid_noncollapse_2020_03_24', 'covid_noncollapse_2020_03_25', 'covid_noncollapse_2020_03_26', 'covid_noncollapse_2020_03_27']",[],1.0,0.053442223654989615,False,746,13959
variance_z,variance_z_w60_a2.5,60,2.5,,2,2,0,1.0,"['volmageddon_2018_xiv', 'covid_mwcb_2020_03_18']",[],488.14166666666665,488.14166666666665,16,16,0,"['volmageddon_control_2018_01_24', 'volmageddon_control_2018_01_26', 'volmageddon_control_2018_01_29', 'volmageddon_control_2018_01_30', 'volmageddon_control_2018_01_31', 'volmageddon_control_2018_02_01', 'volmageddon_control_2018_02_02', 'volmageddon_control_2018_02_06', 'covid_noncollapse_2020_03_17', 'covid_noncollapse_2020_03_19', 'covid_noncollapse_2020_03_20', 'covid_noncollapse_2020_03_23', 'covid_noncollapse_2020_03_24', 'covid_noncollapse_2020_03_25', 'covid_noncollapse_2020_03_26', 'covid_noncollapse_2020_03_27']",[],1.0,0.023998853786087827,False,335,13959
ac1,ac1_w16_a0.2,16,0.2,,2,2,0,1.0,"['volmageddon_2018_xiv', 'covid_mwcb_2020_03_18']",[],641.6416666666667,641.6416666666667,16,16,0,"['volmageddon_control_2018_01_24', 'volmageddon_control_2018_01_26', 'volmageddon_control_2018_01_29', 'volmageddon_control_2018_01_30', 'volmageddon_control_2018_01_31', 'volmageddon_control_2018_02_01', 'volmageddon_control_2018_02_02', 'volmageddon_control_2018_02_06', 'covid_noncollapse_2020_03_17', 'covid_noncollapse_2020_03_19', 'covid_noncollapse_2020_03_20', 'covid_noncollapse_2020_03_23', 'covid_noncollapse_2020_03_24', 'covid_noncollapse_2020_03_25', 'covid_noncollapse_2020_03_26', 'covid_noncollapse_2020_03_27']",[],1.0,0.10301597535640089,False,1438,13959
ac1,ac1_w16_a0.3,16,0.3,,2,2,0,1.0,"['volmageddon_2018_xiv', 'covid_mwcb_2020_03_18']",[],618.1416666666667,618.1416666666667,16,16,0,"['volmageddon_control_2018_01_24', 'volmageddon_control_2018_01_26', 'volmageddon_control_2018_01_29', 'volmageddon_control_2018_01_30', 'volmageddon_control_2018_01_31', 'volmageddon_control_2018_02_01', 'volmageddon_control_2018_02_02', 'volmageddon_control_2018_02_06', 'covid_noncollapse_2020_03_17', 'covid_noncollapse_2020_03_19', 'covid_noncollapse_2020_03_20', 'covid_noncollapse_2020_03_23', 'covid_noncollapse_2020_03_24', 'covid_noncollapse_2020_03_25', 'covid_noncollapse_2020_03_26', 'covid_noncollapse_2020_03_27']",[],1.0,0.050361773766029086,False,703,13959
ac1,ac1_w16_a0.4,16,0.4,,2,2,0,1.0,"['volmageddon_2018_xiv', 'covid_mwcb_2020_03_18']",[],445.64166666666665,445.64166666666665,16,16,0,"['volmageddon_control_2018_01_24', 'volmageddon_control_2018_01_26', 'volmageddon_control_2018_01_29', 'volmageddon_control_2018_01_30', 'volmageddon_control_2018_01_31', 'volmageddon_control_2018_02_01', 'volmageddon_control_2018_02_02', 'volmageddon_control_2018_02_06', 'covid_noncollapse_2020_03_17', 'covid_noncollapse_2020_03_19', 'covid_noncollapse_2020_03_20', 'covid_noncollapse_2020_03_23', 'covid_noncollapse_2020_03_24', 'covid_noncollapse_2020_03_25', 'covid_noncollapse_2020_03_26', 'covid_noncollapse_2020_03_27']",[],1.0,0.021992979439787952,False,307,13959
ac1,ac1_w16_a0.5,16,0.5,,2,1,1,0.5,['volmageddon_2018_xiv'],['covid_mwcb_2020_03_18'],546.0,546.0,16,12,4,"['volmageddon_control_2018_01_24', 'volmageddon_control_2018_01_29', 'volmageddon_control_2018_01_30', 'volmageddon_control_2018_02_01', 'volmageddon_control_2018_02_02', 'volmageddon_control_2018_02_06', 'covid_noncollapse_2020_03_17', 'covid_noncollapse_2020_03_19', 'covid_noncollapse_2020_03_20', 'covid_noncollapse_2020_03_23', 'covid_noncollapse_2020_03_24', 'covid_noncollapse_2020_03_25']","['volmageddon_control_2018_01_26', 'volmageddon_control_2018_01_31', 'covid_noncollapse_2020_03_26', 'covid_noncollapse_2020_03_27']",0.75,0.006160899777921055,False,86,13959
ac1,ac1_w16_a0.6,16,0.6,,2,0,2,0.0,[],"['volmageddon_2018_xiv', 'covid_mwcb_2020_03_18']",,,16,4,12,"['volmageddon_control_2018_02_02', 'covid_noncollapse_2020_03_17', 'covid_noncollapse_2020_03_23', 'covid_noncollapse_2020_03_24']","['volmageddon_control_2018_01_24', 'volmageddon_control_2018_01_26', 'volmageddon_control_2018_01_29', 'volmageddon_control_2018_01_30', 'volmageddon_control_2018_01_31', 'volmageddon_control_2018_02_01', 'volmageddon_control_2018_02_06', 'covid_noncollapse_2020_03_19', 'covid_noncollapse_2020_03_20', 'covid_noncollapse_2020_03_25', 'covid_noncollapse_2020_03_26', 'covid_noncollapse_2020_03_27']",0.25,0.001217852281682069,False,17,13959
ac1,ac1_w30_a0.2,30,0.2,,2,2,0,1.0,"['volmageddon_2018_xiv', 'covid_mwcb_2020_03_18']",[],578.1416666666667,578.1416666666667,16,16,0,"['volmageddon_control_2018_01_24', 'volmageddon_control_2018_01_26', 'volmageddon_control_2018_01_29', 'volmageddon_control_2018_01_30', 'volmageddon_control_2018_01_31', 'volmageddon_control_2018_02_01', 'volmageddon_control_2018_02_02', 'volmageddon_control_2018_02_06', 'covid_noncollapse_2020_03_17', 'covid_noncollapse_2020_03_19', 'covid_noncollapse_2020_03_20', 'covid_noncollapse_2020_03_23', 'covid_noncollapse_2020_03_24', 'covid_noncollapse_2020_03_25', 'covid_noncollapse_2020_03_26', 'covid_noncollapse_2020_03_27']",[],1.0,0.15459560140411205,False,2158,13959
ac1,ac1_w30_a0.3,30,0.3,,2,2,0,1.0,"['volmageddon_2018_xiv', 'covid_mwcb_2020_03_18']",[],525.6416666666667,525.6416666666667,16,16,0,"['volmageddon_control_2018_01_24', 'volmageddon_control_2018_01_26', 'volmageddon_control_2018_01_29', 'volmageddon_control_2018_01_30', 'volmageddon_control_2018_01_31', 'volmageddon_control_2018_02_01', 'volmageddon_control_2018_02_02', 'volmageddon_control_2018_02_06', 'covid_noncollapse_2020_03_17', 'covid_noncollapse_2020_03_19', 'covid_noncollapse_2020_03_20', 'covid_noncollapse_2020_03_23', 'covid_noncollapse_2020_03_24', 'covid_noncollapse_2020_03_25', 'covid_noncollapse_2020_03_26', 'covid_noncollapse_2020_03_27']",[],1.0,0.07385915896554195,False,1031,13959
ac1,ac1_w30_a0.4,30,0.4,,2,2,0,1.0,"['volmageddon_2018_xiv', 'covid_mwcb_2020_03_18']",[],503.14166666666665,503.14166666666665,16,14,2,"['volmageddon_control_2018_01_24', 'volmageddon_control_2018_01_26', 'volmageddon_control_2018_01_29', 'volmageddon_control_2018_01_30', 'volmageddon_control_2018_02_01', 'volmageddon_control_2018_02_02', 'volmageddon_control_2018_02_06', 'covid_noncollapse_2020_03_17', 'covid_noncollapse_2020_03_19', 'covid_noncollapse_2020_03_20', 'covid_noncollapse_2020_03_23', 'covid_noncollapse_2020_03_24', 'covid_noncollapse_2020_03_25', 'covid_noncollapse_2020_03_27']","['volmageddon_control_2018_01_31', 'covid_noncollapse_2020_03_26']",0.875,0.03524607779926929,False,492,13959
ac1,ac1_w30_a0.5,30,0.5,,2,1,1,0.5,['volmageddon_2018_xiv'],['covid_mwcb_2020_03_18'],526.0,526.0,16,11,5,"['volmageddon_control_2018_01_24', 'volmageddon_control_2018_01_30', 'volmageddon_control_2018_02_01', 'volmageddon_control_2018_02_02', 'volmageddon_control_2018_02_06', 'covid_noncollapse_2020_03_17', 'covid_noncollapse_2020_03_20', 'covid_noncollapse_2020_03_23', 'covid_noncollapse_2020_03_24', 'covid_noncollapse_2020_03_25', 'covid_noncollapse_2020_03_27']","['volmageddon_control_2018_01_26', 'volmageddon_control_2018_01_29', 'volmageddon_control_2018_01_31', 'covid_noncollapse_2020_03_19', 'covid_noncollapse_2020_03_26']",0.6875,0.012536714664374239,False,175,13959
ac1,ac1_w30_a0.6,30,0.6,,2,0,2,0.0,[],"['volmageddon_2018_xiv', 'covid_mwcb_2020_03_18']",,,16,4,12,"['volmageddon_control_2018_02_01', 'covid_noncollapse_2020_03_17', 'covid_noncollapse_2020_03_23', 'covid_noncollapse_2020_03_24']","['volmageddon_control_2018_01_24', 'volmageddon_control_2018_01_26', 'volmageddon_control_2018_01_29', 'volmageddon_control_2018_01_30', 'volmageddon_control_2018_01_31', 'volmageddon_control_2018_02_02', 'volmageddon_control_2018_02_06', 'covid_noncollapse_2020_03_19', 'covid_noncollapse_2020_03_20', 'covid_noncollapse_2020_03_25', 'covid_noncollapse_2020_03_26', 'covid_noncollapse_2020_03_27']",0.25,0.0017909592377677484,False,25,13959
ac1,ac1_w45_a0.2,45,0.2,,2,2,0,1.0,"['volmageddon_2018_xiv', 'covid_mwcb_2020_03_18']",[],493.14166666666665,493.14166666666665,16,16,0,"['volmageddon_control_2018_01_24', 'volmageddon_control_2018_01_26', 'volmageddon_control_2018_01_29', 'volmageddon_control_2018_01_30', 'volmageddon_control_2018_01_31', 'volmageddon_control_2018_02_01', 'volmageddon_control_2018_02_02', 'volmageddon_control_2018_02_06', 'covid_noncollapse_2020_03_17', 'covid_noncollapse_2020_03_19', 'covid_noncollapse_2020_03_20', 'covid_noncollapse_2020_03_23', 'covid_noncollapse_2020_03_24', 'covid_noncollapse_2020_03_25', 'covid_noncollapse_2020_03_26', 'covid_noncollapse_2020_03_27']",[],1.0,0.190414786159467,False,2658,13959
ac1,ac1_w45_a0.3,45,0.3,,2,2,0,1.0,"['volmageddon_2018_xiv', 'covid_mwcb_2020_03_18']",[],409.14166666666665,409.14166666666665,16,15,1,"['volmageddon_control_2018_01_24', 'volmageddon_control_2018_01_26', 'volmageddon_control_2018_01_29', 'volmageddon_control_2018_01_30', 'volmageddon_control_2018_02_01', 'volmageddon_control_2018_02_02', 'volmageddon_control_2018_02_06', 'covid_noncollapse_2020_03_17', 'covid_noncollapse_2020_03_19', 'covid_noncollapse_2020_03_20', 'covid_noncollapse_2020_03_23', 'covid_noncollapse_2020_03_24', 'covid_noncollapse_2020_03_25', 'covid_noncollapse_2020_03_26', 'covid_noncollapse_2020_03_27']",['volmageddon_control_2018_01_31'],0.9375,0.09320151873343363,False,1301,13959
ac1,ac1_w45_a0.4,45,0.4,,2,2,0,1.0,"['volmageddon_2018_xiv', 'covid_mwcb_2020_03_18']",[],370.64166666666665,370.64166666666665,16,15,1,"['volmageddon_control_2018_01_24', 'volmageddon_control_2018_01_26', 'volmageddon_control_2018_01_29', 'volmageddon_control_2018_01_30', 'volmageddon_control_2018_02_01', 'volmageddon_control_2018_02_02', 'volmageddon_control_2018_02_06', 'covid_noncollapse_2020_03_17', 'covid_noncollapse_2020_03_19', 'covid_noncollapse_2020_03_20', 'covid_noncollapse_2020_03_23', 'covid_noncollapse_2020_03_24', 'covid_noncollapse_2020_03_25', 'covid_noncollapse_2020_03_26', 'covid_noncollapse_2020_03_27']",['volmageddon_control_2018_01_31'],0.9375,0.04427251235761874,False,618,13959
ac1,ac1_w45_a0.5,45,0.5,,2,0,2,0.0,[],"['volmageddon_2018_xiv', 'covid_mwcb_2020_03_18']",,,16,11,5,"['volmageddon_control_2018_01_24', 'volmageddon_control_2018_01_30', 'volmageddon_control_2018_02_02', 'volmageddon_control_2018_02_06', 'covid_noncollapse_2020_03_17', 'covid_noncollapse_2020_03_19', 'covid_noncollapse_2020_03_20', 'covid_noncollapse_2020_03_23', 'covid_noncollapse_2020_03_24', 'covid_noncollapse_2020_03_25', 'covid_noncollapse_2020_03_27']","['volmageddon_control_2018_01_26', 'volmageddon_control_2018_01_29', 'volmageddon_control_2018_01_31', 'volmageddon_control_2018_02_01', 'covid_noncollapse_2020_03_26']",0.6875,0.016548463356973995,False,231,13959
ac1,ac1_w45_a0.6,45,0.6,,2,0,2,0.0,[],"['volmageddon_2018_xiv', 'covid_mwcb_2020_03_18']",,,16,3,13,"['covid_noncollapse_2020_03_17', 'covid_noncollapse_2020_03_23', 'covid_noncollapse_2020_03_24']","['volmageddon_control_2018_01_24', 'volmageddon_control_2018_01_26', 'volmageddon_control_2018_01_29', 'volmageddon_control_2018_01_30', 'volmageddon_control_2018_01_31', 'volmageddon_control_2018_02_01', 'volmageddon_control_2018_02_02', 'volmageddon_control_2018_02_06', 'covid_noncollapse_2020_03_19', 'covid_noncollapse_2020_03_20', 'covid_noncollapse_2020_03_25', 'covid_noncollapse_2020_03_26', 'covid_noncollapse_2020_03_27']",0.1875,0.0025073429328748478,False,35,13959
ac1,ac1_w60_a0.2,60,0.2,,2,2,0,1.0,"['volmageddon_2018_xiv', 'covid_mwcb_2020_03_18']",[],487.14166666666665,487.14166666666665,16,16,0,"['volmageddon_control_2018_01_24', 'volmageddon_control_2018_01_26', 'volmageddon_control_2018_01_29', 'volmageddon_control_2018_01_30', 'volmageddon_control_2018_01_31', 'volmageddon_control_2018_02_01', 'volmageddon_control_2018_02_02', 'volmageddon_control_2018_02_06', 'covid_noncollapse_2020_03_17', 'covid_noncollapse_2020_03_19', 'covid_noncollapse_2020_03_20', 'covid_noncollapse_2020_03_23', 'covid_noncollapse_2020_03_24', 'covid_noncollapse_2020_03_25', 'covid_noncollapse_2020_03_26', 'covid_noncollapse_2020_03_27']",[],1.0,0.22315352102586145,False,3115,13959
ac1,ac1_w60_a0.3,60,0.3,,2,2,0,1.0,"['volmageddon_2018_xiv', 'covid_mwcb_2020_03_18']",[],370.64166666666665,370.64166666666665,16,15,1,"['volmageddon_control_2018_01_24', 'volmageddon_control_2018_01_26', 'volmageddon_control_2018_01_29', 'volmageddon_control_2018_01_30', 'volmageddon_control_2018_02_01', 'volmageddon_control_2018_02_02', 'volmageddon_control_2018_02_06', 'covid_noncollapse_2020_03_17', 'covid_noncollapse_2020_03_19', 'covid_noncollapse_2020_03_20', 'covid_noncollapse_2020_03_23', 'covid_noncollapse_2020_03_24', 'covid_noncollapse_2020_03_25', 'covid_noncollapse_2020_03_26', 'covid_noncollapse_2020_03_27']",['volmageddon_control_2018_01_31'],0.9375,0.10588151013682928,False,1478,13959
ac1,ac1_w60_a0.4,60,0.4,,2,2,0,1.0,"['volmageddon_2018_xiv', 'covid_mwcb_2020_03_18']",[],370.64166666666665,370.64166666666665,16,13,3,"['volmageddon_control_2018_01_24', 'volmageddon_control_2018_01_26', 'volmageddon_control_2018_01_30', 'volmageddon_control_2018_02_02', 'volmageddon_control_2018_02_06', 'covid_noncollapse_2020_03_17', 'covid_noncollapse_2020_03_19', 'covid_noncollapse_2020_03_20', 'covid_noncollapse_2020_03_23', 'covid_noncollapse_2020_03_24', 'covid_noncollapse_2020_03_25', 'covid_noncollapse_2020_03_26', 'covid_noncollapse_2020_03_27']","['volmageddon_control_2018_01_29', 'volmageddon_control_2018_01_31', 'volmageddon_control_2018_02_01']",0.8125,0.051866179525753994,False,724,13959
ac1,ac1_w60_a0.5,60,0.5,,2,0,2,0.0,[],"['volmageddon_2018_xiv', 'covid_mwcb_2020_03_18']",,,16,9,7,"['volmageddon_control_2018_01_24', 'volmageddon_control_2018_01_30', 'volmageddon_control_2018_02_06', 'covid_noncollapse_2020_03_17', 'covid_noncollapse_2020_03_20', 'covid_noncollapse_2020_03_23', 'covid_noncollapse_2020_03_24', 'covid_noncollapse_2020_03_25', 'covid_noncollapse_2020_03_27']","['volmageddon_control_2018_01_26', 'volmageddon_control_2018_01_29', 'volmageddon_control_2018_01_31', 'volmageddon_control_2018_02_01', 'volmageddon_control_2018_02_02', 'covid_noncollapse_2020_03_19', 'covid_noncollapse_2020_03_26']",0.5625,0.018912529550827423,False,264,13959
ac1,ac1_w60_a0.6,60,0.6,,2,0,2,0.0,[],"['volmageddon_2018_xiv', 'covid_mwcb_2020_03_18']",,,16,3,13,"['covid_noncollapse_2020_03_17', 'covid_noncollapse_2020_03_23', 'covid_noncollapse_2020_03_24']","['volmageddon_control_2018_01_24', 'volmageddon_control_2018_01_26', 'volmageddon_control_2018_01_29', 'volmageddon_control_2018_01_30', 'volmageddon_control_2018_01_31', 'volmageddon_control_2018_02_01', 'volmageddon_control_2018_02_02', 'volmageddon_control_2018_02_06', 'covid_noncollapse_2020_03_19', 'covid_noncollapse_2020_03_20', 'covid_noncollapse_2020_03_25', 'covid_noncollapse_2020_03_26', 'covid_noncollapse_2020_03_27']",0.1875,0.002220789454832008,False,31,13959
cusum,cusum_w16_a0.25_b2.0,16,0.25,2.0,2,2,0,1.0,"['volmageddon_2018_xiv', 'covid_mwcb_2020_03_18']",[],583.1416666666667,583.1416666666667,16,16,0,"['volmageddon_control_2018_01_24', 'volmageddon_control_2018_01_26', 'volmageddon_control_2018_01_29', 'volmageddon_control_2018_01_30', 'volmageddon_control_2018_01_31', 'volmageddon_control_2018_02_01', 'volmageddon_control_2018_02_02', 'volmageddon_control_2018_02_06', 'covid_noncollapse_2020_03_17', 'covid_noncollapse_2020_03_19', 'covid_noncollapse_2020_03_20', 'covid_noncollapse_2020_03_23', 'covid_noncollapse_2020_03_24', 'covid_noncollapse_2020_03_25', 'covid_noncollapse_2020_03_26', 'covid_noncollapse_2020_03_27']",[],1.0,0.14950927716885162,False,2087,13959
cusum,cusum_w16_a0.25_b3.0,16,0.25,3.0,2,2,0,1.0,"['volmageddon_2018_xiv', 'covid_mwcb_2020_03_18']",[],577.1416666666667,577.1416666666667,16,16,0,"['volmageddon_control_2018_01_24', 'volmageddon_control_2018_01_26', 'volmageddon_control_2018_01_29', 'volmageddon_control_2018_01_30', 'volmageddon_control_2018_01_31', 'volmageddon_control_2018_02_01', 'volmageddon_control_2018_02_02', 'volmageddon_control_2018_02_06', 'covid_noncollapse_2020_03_17', 'covid_noncollapse_2020_03_19', 'covid_noncollapse_2020_03_20', 'covid_noncollapse_2020_03_23', 'covid_noncollapse_2020_03_24', 'covid_noncollapse_2020_03_25', 'covid_noncollapse_2020_03_26', 'covid_noncollapse_2020_03_27']",[],1.0,0.09098072927860162,False,1270,13959
cusum,cusum_w16_a0.25_b4.0,16,0.25,4.0,2,2,0,1.0,"['volmageddon_2018_xiv', 'covid_mwcb_2020_03_18']",[],543.6416666666667,543.6416666666667,16,16,0,"['volmageddon_control_2018_01_24', 'volmageddon_control_2018_01_26', 'volmageddon_control_2018_01_29', 'volmageddon_control_2018_01_30', 'volmageddon_control_2018_01_31', 'volmageddon_control_2018_02_01', 'volmageddon_control_2018_02_02', 'volmageddon_control_2018_02_06', 'covid_noncollapse_2020_03_17', 'covid_noncollapse_2020_03_19', 'covid_noncollapse_2020_03_20', 'covid_noncollapse_2020_03_23', 'covid_noncollapse_2020_03_24', 'covid_noncollapse_2020_03_25', 'covid_noncollapse_2020_03_26', 'covid_noncollapse_2020_03_27']",[],1.0,0.05559137474031091,False,776,13959
cusum,cusum_w16_a0.5_b2.0,16,0.5,2.0,2,2,0,1.0,"['volmageddon_2018_xiv', 'covid_mwcb_2020_03_18']",[],545.1416666666667,545.1416666666667,16,16,0,"['volmageddon_control_2018_01_24', 'volmageddon_control_2018_01_26', 'volmageddon_control_2018_01_29', 'volmageddon_control_2018_01_30', 'volmageddon_control_2018_01_31', 'volmageddon_control_2018_02_01', 'volmageddon_control_2018_02_02', 'volmageddon_control_2018_02_06', 'covid_noncollapse_2020_03_17', 'covid_noncollapse_2020_03_19', 'covid_noncollapse_2020_03_20', 'covid_noncollapse_2020_03_23', 'covid_noncollapse_2020_03_24', 'covid_noncollapse_2020_03_25', 'covid_noncollapse_2020_03_26', 'covid_noncollapse_2020_03_27']",[],1.0,0.04240991475034028,False,592,13959
cusum,cusum_w16_a0.5_b3.0,16,0.5,3.0,2,2,0,1.0,"['volmageddon_2018_xiv', 'covid_mwcb_2020_03_18']",[],519.1416666666667,519.1416666666667,16,16,0,"['volmageddon_control_2018_01_24', 'volmageddon_control_2018_01_26', 'volmageddon_control_2018_01_29', 'volmageddon_control_2018_01_30', 'volmageddon_control_2018_01_31', 'volmageddon_control_2018_02_01', 'volmageddon_control_2018_02_02', 'volmageddon_control_2018_02_06', 'covid_noncollapse_2020_03_17', 'covid_noncollapse_2020_03_19', 'covid_noncollapse_2020_03_20', 'covid_noncollapse_2020_03_23', 'covid_noncollapse_2020_03_24', 'covid_noncollapse_2020_03_25', 'covid_noncollapse_2020_03_26', 'covid_noncollapse_2020_03_27']",[],1.0,0.02127659574468085,False,297,13959
cusum,cusum_w16_a0.5_b4.0,16,0.5,4.0,2,2,0,1.0,"['volmageddon_2018_xiv', 'covid_mwcb_2020_03_18']",[],446.14166666666665,446.14166666666665,16,16,0,"['volmageddon_control_2018_01_24', 'volmageddon_control_2018_01_26', 'volmageddon_control_2018_01_29', 'volmageddon_control_2018_01_30', 'volmageddon_control_2018_01_31', 'volmageddon_control_2018_02_01', 'volmageddon_control_2018_02_02', 'volmageddon_control_2018_02_06', 'covid_noncollapse_2020_03_17', 'covid_noncollapse_2020_03_19', 'covid_noncollapse_2020_03_20', 'covid_noncollapse_2020_03_23', 'covid_noncollapse_2020_03_24', 'covid_noncollapse_2020_03_25', 'covid_noncollapse_2020_03_26', 'covid_noncollapse_2020_03_27']",[],1.0,0.01167705423024572,False,163,13959
cusum,cusum_w16_a0.75_b2.0,16,0.75,2.0,2,2,0,1.0,"['volmageddon_2018_xiv', 'covid_mwcb_2020_03_18']",[],446.64166666666665,446.64166666666665,16,16,0,"['volmageddon_control_2018_01_24', 'volmageddon_control_2018_01_26', 'volmageddon_control_2018_01_29', 'volmageddon_control_2018_01_30', 'volmageddon_control_2018_01_31', 'volmageddon_control_2018_02_01', 'volmageddon_control_2018_02_02', 'volmageddon_control_2018_02_06', 'covid_noncollapse_2020_03_17', 'covid_noncollapse_2020_03_19', 'covid_noncollapse_2020_03_20', 'covid_noncollapse_2020_03_23', 'covid_noncollapse_2020_03_24', 'covid_noncollapse_2020_03_25', 'covid_noncollapse_2020_03_26', 'covid_noncollapse_2020_03_27']",[],1.0,0.013109821620459918,False,183,13959
cusum,cusum_w16_a0.75_b3.0,16,0.75,3.0,2,2,0,1.0,"['volmageddon_2018_xiv', 'covid_mwcb_2020_03_18']",[],403.14166666666665,403.14166666666665,16,14,2,"['volmageddon_control_2018_01_24', 'volmageddon_control_2018_01_26', 'volmageddon_control_2018_01_29', 'volmageddon_control_2018_01_30', 'volmageddon_control_2018_01_31', 'volmageddon_control_2018_02_01', 'volmageddon_control_2018_02_02', 'volmageddon_control_2018_02_06', 'covid_noncollapse_2020_03_17', 'covid_noncollapse_2020_03_20', 'covid_noncollapse_2020_03_23', 'covid_noncollapse_2020_03_24', 'covid_noncollapse_2020_03_25', 'covid_noncollapse_2020_03_26']","['covid_noncollapse_2020_03_19', 'covid_noncollapse_2020_03_27']",0.875,0.005587792821835375,False,78,13959
cusum,cusum_w16_a0.75_b4.0,16,0.75,4.0,2,1,1,0.5,['covid_mwcb_2020_03_18'],['volmageddon_2018_xiv'],201.28333333333333,201.28333333333333,16,8,8,"['volmageddon_control_2018_01_29', 'volmageddon_control_2018_01_31', 'volmageddon_control_2018_02_01', 'volmageddon_control_2018_02_06', 'covid_noncollapse_2020_03_17', 'covid_noncollapse_2020_03_23', 'covid_noncollapse_2020_03_24', 'covid_noncollapse_2020_03_25']","['volmageddon_control_2018_01_24', 'volmageddon_control_2018_01_26', 'volmageddon_control_2018_01_30', 'volmageddon_control_2018_02_02', 'covid_noncollapse_2020_03_19', 'covid_noncollapse_2020_03_20', 'covid_noncollapse_2020_03_26', 'covid_noncollapse_2020_03_27']",0.5,0.0027222580414069776,False,38,13959
cusum,cusum_w30_a0.25_b2.0,30,0.25,2.0,2,2,0,1.0,"['volmageddon_2018_xiv', 'covid_mwcb_2020_03_18']",[],577.1416666666667,577.1416666666667,16,16,0,"['volmageddon_control_2018_01_24', 'volmageddon_control_2018_01_26', 'volmageddon_control_2018_01_29', 'volmageddon_control_2018_01_30', 'volmageddon_control_2018_01_31', 'volmageddon_control_2018_02_01', 'volmageddon_control_2018_02_02', 'volmageddon_control_2018_02_06', 'covid_noncollapse_2020_03_17', 'covid_noncollapse_2020_03_19', 'covid_noncollapse_2020_03_20', 'covid_noncollapse_2020_03_23', 'covid_noncollapse_2020_03_24', 'covid_noncollapse_2020_03_25', 'covid_noncollapse_2020_03_26', 'covid_noncollapse_2020_03_27']",[],1.0,0.2271652697184612,False,3171,13959
cusum,cusum_w30_a0.25_b3.0,30,0.25,3.0,2,2,0,1.0,"['volmageddon_2018_xiv', 'covid_mwcb_2020_03_18']",[],576.6416666666667,576.6416666666667,16,16,0,"['volmageddon_control_2018_01_24', 'volmageddon_control_2018_01_26', 'volmageddon_control_2018_01_29', 'volmageddon_control_2018_01_30', 'volmageddon_control_2018_01_31', 'volmageddon_control_2018_02_01', 'volmageddon_control_2018_02_02', 'volmageddon_control_2018_02_06', 'covid_noncollapse_2020_03_17', 'covid_noncollapse_2020_03_19', 'covid_noncollapse_2020_03_20', 'covid_noncollapse_2020_03_23', 'covid_noncollapse_2020_03_24', 'covid_noncollapse_2020_03_25', 'covid_noncollapse_2020_03_26', 'covid_noncollapse_2020_03_27']",[],1.0,0.17830790171215702,False,2489,13959
cusum,cusum_w30_a0.25_b4.0,30,0.25,4.0,2,2,0,1.0,"['volmageddon_2018_xiv', 'covid_mwcb_2020_03_18']",[],564.1416666666667,564.1416666666667,16,16,0,"['volmageddon_control_2018_01_24', 'volmageddon_control_2018_01_26', 'volmageddon_control_2018_01_29', 'volmageddon_control_2018_01_30', 'volmageddon_control_2018_01_31', 'volmageddon_control_2018_02_01', 'volmageddon_control_2018_02_02', 'volmageddon_control_2018_02_06', 'covid_noncollapse_2020_03_17', 'covid_noncollapse_2020_03_19', 'covid_noncollapse_2020_03_20', 'covid_noncollapse_2020_03_23', 'covid_noncollapse_2020_03_24', 'covid_noncollapse_2020_03_25', 'covid_noncollapse_2020_03_26', 'covid_noncollapse_2020_03_27']",[],1.0,0.1391217135897987,False,1942,13959
cusum,cusum_w30_a0.5_b2.0,30,0.5,2.0,2,2,0,1.0,"['volmageddon_2018_xiv', 'covid_mwcb_2020_03_18']",[],577.1416666666667,577.1416666666667,16,16,0,"['volmageddon_control_2018_01_24', 'volmageddon_control_2018_01_26', 'volmageddon_control_2018_01_29', 'volmageddon_control_2018_01_30', 'volmageddon_control_2018_01_31', 'volmageddon_control_2018_02_01', 'volmageddon_control_2018_02_02', 'volmageddon_control_2018_02_06', 'covid_noncollapse_2020_03_17', 'covid_noncollapse_2020_03_19', 'covid_noncollapse_2020_03_20', 'covid_noncollapse_2020_03_23', 'covid_noncollapse_2020_03_24', 'covid_noncollapse_2020_03_25', 'covid_noncollapse_2020_03_26', 'covid_noncollapse_2020_03_27']",[],1.0,0.08661078873844831,False,1209,13959
cusum,cusum_w30_a0.5_b3.0,30,0.5,3.0,2,2,0,1.0,"['volmageddon_2018_xiv', 'covid_mwcb_2020_03_18']",[],471.64166666666665,471.64166666666665,16,16,0,"['volmageddon_control_2018_01_24', 'volmageddon_control_2018_01_26', 'volmageddon_control_2018_01_29', 'volmageddon_control_2018_01_30', 'volmageddon_control_2018_01_31', 'volmageddon_control_2018_02_01', 'volmageddon_control_2018_02_02', 'volmageddon_control_2018_02_06', 'covid_noncollapse_2020_03_17', 'covid_noncollapse_2020_03_19', 'covid_noncollapse_2020_03_20', 'covid_noncollapse_2020_03_23', 'covid_noncollapse_2020_03_24', 'covid_noncollapse_2020_03_25', 'covid_noncollapse_2020_03_26', 'covid_noncollapse_2020_03_27']",[],1.0,0.06160899777921054,False,860,13959
cusum,cusum_w30_a0.5_b4.0,30,0.5,4.0,2,2,0,1.0,"['volmageddon_2018_xiv', 'covid_mwcb_2020_03_18']",[],470.64166666666665,470.64166666666665,16,16,0,"['volmageddon_control_2018_01_24', 'volmageddon_control_2018_01_26', 'volmageddon_control_2018_01_29', 'volmageddon_control_2018_01_30', 'volmageddon_control_2018_01_31', 'volmageddon_control_2018_02_01', 'volmageddon_control_2018_02_02', 'volmageddon_control_2018_02_06', 'covid_noncollapse_2020_03_17', 'covid_noncollapse_2020_03_19', 'covid_noncollapse_2020_03_20', 'covid_noncollapse_2020_03_23', 'covid_noncollapse_2020_03_24', 'covid_noncollapse_2020_03_25', 'covid_noncollapse_2020_03_26', 'covid_noncollapse_2020_03_27']",[],1.0,0.04477398094419371,False,625,13959
cusum,cusum_w30_a0.75_b2.0,30,0.75,2.0,2,2,0,1.0,"['volmageddon_2018_xiv', 'covid_mwcb_2020_03_18']",[],495.64166666666665,495.64166666666665,16,16,0,"['volmageddon_control_2018_01_24', 'volmageddon_control_2018_01_26', 'volmageddon_control_2018_01_29', 'volmageddon_control_2018_01_30', 'volmageddon_control_2018_01_31', 'volmageddon_control_2018_02_01', 'volmageddon_control_2018_02_02', 'volmageddon_control_2018_02_06', 'covid_noncollapse_2020_03_17', 'covid_noncollapse_2020_03_19', 'covid_noncollapse_2020_03_20', 'covid_noncollapse_2020_03_23', 'covid_noncollapse_2020_03_24', 'covid_noncollapse_2020_03_25', 'covid_noncollapse_2020_03_26', 'covid_noncollapse_2020_03_27']",[],1.0,0.03503116269073716,False,489,13959
cusum,cusum_w30_a0.75_b3.0,30,0.75,3.0,2,2,0,1.0,"['volmageddon_2018_xiv', 'covid_mwcb_2020_03_18']",[],471.64166666666665,471.64166666666665,16,16,0,"['volmageddon_control_2018_01_24', 'volmageddon_control_2018_01_26', 'volmageddon_control_2018_01_29', 'volmageddon_control_2018_01_30', 'volmageddon_control_2018_01_31', 'volmageddon_control_2018_02_01', 'volmageddon_control_2018_02_02', 'volmageddon_control_2018_02_06', 'covid_noncollapse_2020_03_17', 'covid_noncollapse_2020_03_19', 'covid_noncollapse_2020_03_20', 'covid_noncollapse_2020_03_23', 'covid_noncollapse_2020_03_24', 'covid_noncollapse_2020_03_25', 'covid_noncollapse_2020_03_26', 'covid_noncollapse_2020_03_27']",[],1.0,0.02414213052510925,False,337,13959
cusum,cusum_w30_a0.75_b4.0,30,0.75,4.0,2,2,0,1.0,"['volmageddon_2018_xiv', 'covid_mwcb_2020_03_18']",[],371.64166666666665,371.64166666666665,16,16,0,"['volmageddon_control_2018_01_24', 'volmageddon_control_2018_01_26', 'volmageddon_control_2018_01_29', 'volmageddon_control_2018_01_30', 'volmageddon_control_2018_01_31', 'volmageddon_control_2018_02_01', 'volmageddon_control_2018_02_02', 'volmageddon_control_2018_02_06', 'covid_noncollapse_2020_03_17', 'covid_noncollapse_2020_03_19', 'covid_noncollapse_2020_03_20', 'covid_noncollapse_2020_03_23', 'covid_noncollapse_2020_03_24', 'covid_noncollapse_2020_03_25', 'covid_noncollapse_2020_03_26', 'covid_noncollapse_2020_03_27']",[],1.0,0.016261909878931155,False,227,13959
cusum,cusum_w45_a0.25_b2.0,45,0.25,2.0,2,2,0,1.0,"['volmageddon_2018_xiv', 'covid_mwcb_2020_03_18']",[],568.6416666666667,568.6416666666667,16,16,0,"['volmageddon_control_2018_01_24', 'volmageddon_control_2018_01_26', 'volmageddon_control_2018_01_29', 'volmageddon_control_2018_01_30', 'volmageddon_control_2018_01_31', 'volmageddon_control_2018_02_01', 'volmageddon_control_2018_02_02', 'volmageddon_control_2018_02_06', 'covid_noncollapse_2020_03_17', 'covid_noncollapse_2020_03_19', 'covid_noncollapse_2020_03_20', 'covid_noncollapse_2020_03_23', 'covid_noncollapse_2020_03_24', 'covid_noncollapse_2020_03_25', 'covid_noncollapse_2020_03_26', 'covid_noncollapse_2020_03_27']",[],1.0,0.28003438641736517,False,3909,13959
cusum,cusum_w45_a0.25_b3.0,45,0.25,3.0,2,2,0,1.0,"['volmageddon_2018_xiv', 'covid_mwcb_2020_03_18']",[],564.1416666666667,564.1416666666667,16,16,0,"['volmageddon_control_2018_01_24', 'volmageddon_control_2018_01_26', 'volmageddon_control_2018_01_29', 'volmageddon_control_2018_01_30', 'volmageddon_control_2018_01_31', 'volmageddon_control_2018_02_01', 'volmageddon_control_2018_02_02', 'volmageddon_control_2018_02_06', 'covid_noncollapse_2020_03_17', 'covid_noncollapse_2020_03_19', 'covid_noncollapse_2020_03_20', 'covid_noncollapse_2020_03_23', 'covid_noncollapse_2020_03_24', 'covid_noncollapse_2020_03_25', 'covid_noncollapse_2020_03_26', 'covid_noncollapse_2020_03_27']",[],1.0,0.2358335124292571,False,3292,13959
cusum,cusum_w45_a0.25_b4.0,45,0.25,4.0,2,2,0,1.0,"['volmageddon_2018_xiv', 'covid_mwcb_2020_03_18']",[],540.1416666666667,540.1416666666667,16,16,0,"['volmageddon_control_2018_01_24', 'volmageddon_control_2018_01_26', 'volmageddon_control_2018_01_29', 'volmageddon_control_2018_01_30', 'volmageddon_control_2018_01_31', 'volmageddon_control_2018_02_01', 'volmageddon_control_2018_02_02', 'volmageddon_control_2018_02_06', 'covid_noncollapse_2020_03_17', 'covid_noncollapse_2020_03_19', 'covid_noncollapse_2020_03_20', 'covid_noncollapse_2020_03_23', 'covid_noncollapse_2020_03_24', 'covid_noncollapse_2020_03_25', 'covid_noncollapse_2020_03_26', 'covid_noncollapse_2020_03_27']",[],1.0,0.20216347875922344,False,2822,13959
cusum,cusum_w45_a0.5_b2.0,45,0.5,2.0,2,2,0,1.0,"['volmageddon_2018_xiv', 'covid_mwcb_2020_03_18']",[],527.1416666666667,527.1416666666667,16,16,0,"['volmageddon_control_2018_01_24', 'volmageddon_control_2018_01_26', 'volmageddon_control_2018_01_29', 'volmageddon_control_2018_01_30', 'volmageddon_control_2018_01_31', 'volmageddon_control_2018_02_01', 'volmageddon_control_2018_02_02', 'volmageddon_control_2018_02_06', 'covid_noncollapse_2020_03_17', 'covid_noncollapse_2020_03_19', 'covid_noncollapse_2020_03_20', 'covid_noncollapse_2020_03_23', 'covid_noncollapse_2020_03_24', 'covid_noncollapse_2020_03_25', 'covid_noncollapse_2020_03_26', 'covid_noncollapse_2020_03_27']",[],1.0,0.12486567805716742,False,1743,13959
cusum,cusum_w45_a0.5_b3.0,45,0.5,3.0,2,2,0,1.0,"['volmageddon_2018_xiv', 'covid_mwcb_2020_03_18']",[],503.14166666666665,503.14166666666665,16,16,0,"['volmageddon_control_2018_01_24', 'volmageddon_control_2018_01_26', 'volmageddon_control_2018_01_29', 'volmageddon_control_2018_01_30', 'volmageddon_control_2018_01_31', 'volmageddon_control_2018_02_01', 'volmageddon_control_2018_02_02', 'volmageddon_control_2018_02_06', 'covid_noncollapse_2020_03_17', 'covid_noncollapse_2020_03_19', 'covid_noncollapse_2020_03_20', 'covid_noncollapse_2020_03_23', 'covid_noncollapse_2020_03_24', 'covid_noncollapse_2020_03_25', 'covid_noncollapse_2020_03_26', 'covid_noncollapse_2020_03_27']",[],1.0,0.10280106024786875,False,1435,13959
cusum,cusum_w45_a0.5_b4.0,45,0.5,4.0,2,2,0,1.0,"['volmageddon_2018_xiv', 'covid_mwcb_2020_03_18']",[],471.14166666666665,471.14166666666665,16,16,0,"['volmageddon_control_2018_01_24', 'volmageddon_control_2018_01_26', 'volmageddon_control_2018_01_29', 'volmageddon_control_2018_01_30', 'volmageddon_control_2018_01_31', 'volmageddon_control_2018_02_01', 'volmageddon_control_2018_02_02', 'volmageddon_control_2018_02_06', 'covid_noncollapse_2020_03_17', 'covid_noncollapse_2020_03_19', 'covid_noncollapse_2020_03_20', 'covid_noncollapse_2020_03_23', 'covid_noncollapse_2020_03_24', 'covid_noncollapse_2020_03_25', 'covid_noncollapse_2020_03_26', 'covid_noncollapse_2020_03_27']",[],1.0,0.08661078873844831,False,1209,13959
cusum,cusum_w45_a0.75_b2.0,45,0.75,2.0,2,2,0,1.0,"['volmageddon_2018_xiv', 'covid_mwcb_2020_03_18']",[],472.14166666666665,472.14166666666665,16,16,0,"['volmageddon_control_2018_01_24', 'volmageddon_control_2018_01_26', 'volmageddon_control_2018_01_29', 'volmageddon_control_2018_01_30', 'volmageddon_control_2018_01_31', 'volmageddon_control_2018_02_01', 'volmageddon_control_2018_02_02', 'volmageddon_control_2018_02_06', 'covid_noncollapse_2020_03_17', 'covid_noncollapse_2020_03_19', 'covid_noncollapse_2020_03_20', 'covid_noncollapse_2020_03_23', 'covid_noncollapse_2020_03_24', 'covid_noncollapse_2020_03_25', 'covid_noncollapse_2020_03_26', 'covid_noncollapse_2020_03_27']",[],1.0,0.0591016548463357,False,825,13959
cusum,cusum_w45_a0.75_b3.0,45,0.75,3.0,2,2,0,1.0,"['volmageddon_2018_xiv', 'covid_mwcb_2020_03_18']",[],471.64166666666665,471.64166666666665,16,16,0,"['volmageddon_control_2018_01_24', 'volmageddon_control_2018_01_26', 'volmageddon_control_2018_01_29', 'volmageddon_control_2018_01_30', 'volmageddon_control_2018_01_31', 'volmageddon_control_2018_02_01', 'volmageddon_control_2018_02_02', 'volmageddon_control_2018_02_06', 'covid_noncollapse_2020_03_17', 'covid_noncollapse_2020_03_19', 'covid_noncollapse_2020_03_20', 'covid_noncollapse_2020_03_23', 'covid_noncollapse_2020_03_24', 'covid_noncollapse_2020_03_25', 'covid_noncollapse_2020_03_26', 'covid_noncollapse_2020_03_27']",[],1.0,0.04720968550755785,False,659,13959
cusum,cusum_w45_a0.75_b4.0,45,0.75,4.0,2,2,0,1.0,"['volmageddon_2018_xiv', 'covid_mwcb_2020_03_18']",[],470.64166666666665,470.64166666666665,16,16,0,"['volmageddon_control_2018_01_24', 'volmageddon_control_2018_01_26', 'volmageddon_control_2018_01_29', 'volmageddon_control_2018_01_30', 'volmageddon_control_2018_01_31', 'volmageddon_control_2018_02_01', 'volmageddon_control_2018_02_02', 'volmageddon_control_2018_02_06', 'covid_noncollapse_2020_03_17', 'covid_noncollapse_2020_03_19', 'covid_noncollapse_2020_03_20', 'covid_noncollapse_2020_03_23', 'covid_noncollapse_2020_03_24', 'covid_noncollapse_2020_03_25', 'covid_noncollapse_2020_03_26', 'covid_noncollapse_2020_03_27']",[],1.0,0.036249014972419225,False,506,13959
cusum,cusum_w60_a0.25_b2.0,60,0.25,2.0,2,2,0,1.0,"['volmageddon_2018_xiv', 'covid_mwcb_2020_03_18']",[],543.6416666666667,543.6416666666667,16,16,0,"['volmageddon_control_2018_01_24', 'volmageddon_control_2018_01_26', 'volmageddon_control_2018_01_29', 'volmageddon_control_2018_01_30', 'volmageddon_control_2018_01_31', 'volmageddon_control_2018_02_01', 'volmageddon_control_2018_02_02', 'volmageddon_control_2018_02_06', 'covid_noncollapse_2020_03_17', 'covid_noncollapse_2020_03_19', 'covid_noncollapse_2020_03_20', 'covid_noncollapse_2020_03_23', 'covid_noncollapse_2020_03_24', 'covid_noncollapse_2020_03_25', 'covid_noncollapse_2020_03_26', 'covid_noncollapse_2020_03_27']",[],1.0,0.3186474675836378,False,4448,13959
cusum,cusum_w60_a0.25_b3.0,60,0.25,3.0,2,2,0,1.0,"['volmageddon_2018_xiv', 'covid_mwcb_2020_03_18']",[],541.1416666666667,541.1416666666667,16,16,0,"['volmageddon_control_2018_01_24', 'volmageddon_control_2018_01_26', 'volmageddon_control_2018_01_29', 'volmageddon_control_2018_01_30', 'volmageddon_control_2018_01_31', 'volmageddon_control_2018_02_01', 'volmageddon_control_2018_02_02', 'volmageddon_control_2018_02_06', 'covid_noncollapse_2020_03_17', 'covid_noncollapse_2020_03_19', 'covid_noncollapse_2020_03_20', 'covid_noncollapse_2020_03_23', 'covid_noncollapse_2020_03_24', 'covid_noncollapse_2020_03_25', 'covid_noncollapse_2020_03_26', 'covid_noncollapse_2020_03_27']",[],1.0,0.28354466652338994,False,3958,13959
cusum,cusum_w60_a0.25_b4.0,60,0.25,4.0,2,2,0,1.0,"['volmageddon_2018_xiv', 'covid_mwcb_2020_03_18']",[],507.64166666666665,507.64166666666665,16,16,0,"['volmageddon_control_2018_01_24', 'volmageddon_control_2018_01_26', 'volmageddon_control_2018_01_29', 'volmageddon_control_2018_01_30', 'volmageddon_control_2018_01_31', 'volmageddon_control_2018_02_01', 'volmageddon_control_2018_02_02', 'volmageddon_control_2018_02_06', 'covid_noncollapse_2020_03_17', 'covid_noncollapse_2020_03_19', 'covid_noncollapse_2020_03_20', 'covid_noncollapse_2020_03_23', 'covid_noncollapse_2020_03_24', 'covid_noncollapse_2020_03_25', 'covid_noncollapse_2020_03_26', 'covid_noncollapse_2020_03_27']",[],1.0,0.25295508274231676,False,3531,13959
cusum,cusum_w60_a0.5_b2.0,60,0.5,2.0,2,2,0,1.0,"['volmageddon_2018_xiv', 'covid_mwcb_2020_03_18']",[],527.1416666666667,527.1416666666667,16,16,0,"['volmageddon_control_2018_01_24', 'volmageddon_control_2018_01_26', 'volmageddon_control_2018_01_29', 'volmageddon_control_2018_01_30', 'volmageddon_control_2018_01_31', 'volmageddon_control_2018_02_01', 'volmageddon_control_2018_02_02', 'volmageddon_control_2018_02_06', 'covid_noncollapse_2020_03_17', 'covid_noncollapse_2020_03_19', 'covid_noncollapse_2020_03_20', 'covid_noncollapse_2020_03_23', 'covid_noncollapse_2020_03_24', 'covid_noncollapse_2020_03_25', 'covid_noncollapse_2020_03_26', 'covid_noncollapse_2020_03_27']",[],1.0,0.1500107457554266,False,2094,13959
cusum,cusum_w60_a0.5_b3.0,60,0.5,3.0,2,2,0,1.0,"['volmageddon_2018_xiv', 'covid_mwcb_2020_03_18']",[],503.14166666666665,503.14166666666665,16,16,0,"['volmageddon_control_2018_01_24', 'volmageddon_control_2018_01_26', 'volmageddon_control_2018_01_29', 'volmageddon_control_2018_01_30', 'volmageddon_control_2018_01_31', 'volmageddon_control_2018_02_01', 'volmageddon_control_2018_02_02', 'volmageddon_control_2018_02_06', 'covid_noncollapse_2020_03_17', 'covid_noncollapse_2020_03_19', 'covid_noncollapse_2020_03_20', 'covid_noncollapse_2020_03_23', 'covid_noncollapse_2020_03_24', 'covid_noncollapse_2020_03_25', 'covid_noncollapse_2020_03_26', 'covid_noncollapse_2020_03_27']",[],1.0,0.13102657783508848,False,1829,13959
cusum,cusum_w60_a0.5_b4.0,60,0.5,4.0,2,2,0,1.0,"['volmageddon_2018_xiv', 'covid_mwcb_2020_03_18']",[],502.14166666666665,502.14166666666665,16,16,0,"['volmageddon_control_2018_01_24', 'volmageddon_control_2018_01_26', 'volmageddon_control_2018_01_29', 'volmageddon_control_2018_01_30', 'volmageddon_control_2018_01_31', 'volmageddon_control_2018_02_01', 'volmageddon_control_2018_02_02', 'volmageddon_control_2018_02_06', 'covid_noncollapse_2020_03_17', 'covid_noncollapse_2020_03_19', 'covid_noncollapse_2020_03_20', 'covid_noncollapse_2020_03_23', 'covid_noncollapse_2020_03_24', 'covid_noncollapse_2020_03_25', 'covid_noncollapse_2020_03_26', 'covid_noncollapse_2020_03_27']",[],1.0,0.11454975284762518,False,1599,13959
cusum,cusum_w60_a0.75_b2.0,60,0.75,2.0,2,2,0,1.0,"['volmageddon_2018_xiv', 'covid_mwcb_2020_03_18']",[],503.64166666666665,503.64166666666665,16,16,0,"['volmageddon_control_2018_01_24', 'volmageddon_control_2018_01_26', 'volmageddon_control_2018_01_29', 'volmageddon_control_2018_01_30', 'volmageddon_control_2018_01_31', 'volmageddon_control_2018_02_01', 'volmageddon_control_2018_02_02', 'volmageddon_control_2018_02_06', 'covid_noncollapse_2020_03_17', 'covid_noncollapse_2020_03_19', 'covid_noncollapse_2020_03_20', 'covid_noncollapse_2020_03_23', 'covid_noncollapse_2020_03_24', 'covid_noncollapse_2020_03_25', 'covid_noncollapse_2020_03_26', 'covid_noncollapse_2020_03_27']",[],1.0,0.08209757145927359,False,1146,13959
cusum,cusum_w60_a0.75_b3.0,60,0.75,3.0,2,2,0,1.0,"['volmageddon_2018_xiv', 'covid_mwcb_2020_03_18']",[],470.64166666666665,470.64166666666665,16,16,0,"['volmageddon_control_2018_01_24', 'volmageddon_control_2018_01_26', 'volmageddon_control_2018_01_29', 'volmageddon_control_2018_01_30', 'volmageddon_control_2018_01_31', 'volmageddon_control_2018_02_01', 'volmageddon_control_2018_02_02', 'volmageddon_control_2018_02_06', 'covid_noncollapse_2020_03_17', 'covid_noncollapse_2020_03_19', 'covid_noncollapse_2020_03_20', 'covid_noncollapse_2020_03_23', 'covid_noncollapse_2020_03_24', 'covid_noncollapse_2020_03_25', 'covid_noncollapse_2020_03_26', 'covid_noncollapse_2020_03_27']",[],1.0,0.06655204527544953,False,929,13959
cusum,cusum_w60_a0.75_b4.0,60,0.75,4.0,2,2,0,1.0,"['volmageddon_2018_xiv', 'covid_mwcb_2020_03_18']",[],371.64166666666665,371.64166666666665,16,16,0,"['volmageddon_control_2018_01_24', 'volmageddon_control_2018_01_26', 'volmageddon_control_2018_01_29', 'volmageddon_control_2018_01_30', 'volmageddon_control_2018_01_31', 'volmageddon_control_2018_02_01', 'volmageddon_control_2018_02_02', 'volmageddon_control_2018_02_06', 'covid_noncollapse_2020_03_17', 'covid_noncollapse_2020_03_19', 'covid_noncollapse_2020_03_20', 'covid_noncollapse_2020_03_23', 'covid_noncollapse_2020_03_24', 'covid_noncollapse_2020_03_25', 'covid_noncollapse_2020_03_26', 'covid_noncollapse_2020_03_27']",[],1.0,0.05788380256465363,False,808,13959
page_hinkley,page_hinkley_w16_a0.05_b2.0,16,0.05,2.0,2,2,0,1.0,"['volmageddon_2018_xiv', 'covid_mwcb_2020_03_18']",[],632.1416666666667,632.1416666666667,16,16,0,"['volmageddon_control_2018_01_24', 'volmageddon_control_2018_01_26', 'volmageddon_control_2018_01_29', 'volmageddon_control_2018_01_30', 'volmageddon_control_2018_01_31', 'volmageddon_control_2018_02_01', 'volmageddon_control_2018_02_02', 'volmageddon_control_2018_02_06', 'covid_noncollapse_2020_03_17', 'covid_noncollapse_2020_03_19', 'covid_noncollapse_2020_03_20', 'covid_noncollapse_2020_03_23', 'covid_noncollapse_2020_03_24', 'covid_noncollapse_2020_03_25', 'covid_noncollapse_2020_03_26', 'covid_noncollapse_2020_03_27']",[],1.0,0.5180170499319435,False,7231,13959
page_hinkley,page_hinkley_w16_a0.05_b3.0,16,0.05,3.0,2,2,0,1.0,"['volmageddon_2018_xiv', 'covid_mwcb_2020_03_18']",[],627.6416666666667,627.6416666666667,16,16,0,"['volmageddon_control_2018_01_24', 'volmageddon_control_2018_01_26', 'volmageddon_control_2018_01_29', 'volmageddon_control_2018_01_30', 'volmageddon_control_2018_01_31', 'volmageddon_control_2018_02_01', 'volmageddon_control_2018_02_02', 'volmageddon_control_2018_02_06', 'covid_noncollapse_2020_03_17', 'covid_noncollapse_2020_03_19', 'covid_noncollapse_2020_03_20', 'covid_noncollapse_2020_03_23', 'covid_noncollapse_2020_03_24', 'covid_noncollapse_2020_03_25', 'covid_noncollapse_2020_03_26', 'covid_noncollapse_2020_03_27']",[],1.0,0.404541872626979,False,5647,13959
page_hinkley,page_hinkley_w16_a0.05_b4.0,16,0.05,4.0,2,2,0,1.0,"['volmageddon_2018_xiv', 'covid_mwcb_2020_03_18']",[],583.1416666666667,583.1416666666667,16,16,0,"['volmageddon_control_2018_01_24', 'volmageddon_control_2018_01_26', 'volmageddon_control_2018_01_29', 'volmageddon_control_2018_01_30', 'volmageddon_control_2018_01_31', 'volmageddon_control_2018_02_01', 'volmageddon_control_2018_02_02', 'volmageddon_control_2018_02_06', 'covid_noncollapse_2020_03_17', 'covid_noncollapse_2020_03_19', 'covid_noncollapse_2020_03_20', 'covid_noncollapse_2020_03_23', 'covid_noncollapse_2020_03_24', 'covid_noncollapse_2020_03_25', 'covid_noncollapse_2020_03_26', 'covid_noncollapse_2020_03_27']",[],1.0,0.3189340210616806,False,4452,13959
page_hinkley,page_hinkley_w16_a0.1_b2.0,16,0.1,2.0,2,2,0,1.0,"['volmageddon_2018_xiv', 'covid_mwcb_2020_03_18']",[],630.6416666666667,630.6416666666667,16,16,0,"['volmageddon_control_2018_01_24', 'volmageddon_control_2018_01_26', 'volmageddon_control_2018_01_29', 'volmageddon_control_2018_01_30', 'volmageddon_control_2018_01_31', 'volmageddon_control_2018_02_01', 'volmageddon_control_2018_02_02', 'volmageddon_control_2018_02_06', 'covid_noncollapse_2020_03_17', 'covid_noncollapse_2020_03_19', 'covid_noncollapse_2020_03_20', 'covid_noncollapse_2020_03_23', 'covid_noncollapse_2020_03_24', 'covid_noncollapse_2020_03_25', 'covid_noncollapse_2020_03_26', 'covid_noncollapse_2020_03_27']",[],1.0,0.34092700050146857,False,4759,13959
page_hinkley,page_hinkley_w16_a0.1_b3.0,16,0.1,3.0,2,2,0,1.0,"['volmageddon_2018_xiv', 'covid_mwcb_2020_03_18']",[],583.1416666666667,583.1416666666667,16,16,0,"['volmageddon_control_2018_01_24', 'volmageddon_control_2018_01_26', 'volmageddon_control_2018_01_29', 'volmageddon_control_2018_01_30', 'volmageddon_control_2018_01_31', 'volmageddon_control_2018_02_01', 'volmageddon_control_2018_02_02', 'volmageddon_control_2018_02_06', 'covid_noncollapse_2020_03_17', 'covid_noncollapse_2020_03_19', 'covid_noncollapse_2020_03_20', 'covid_noncollapse_2020_03_23', 'covid_noncollapse_2020_03_24', 'covid_noncollapse_2020_03_25', 'covid_noncollapse_2020_03_26', 'covid_noncollapse_2020_03_27']",[],1.0,0.2414929436206032,False,3371,13959
page_hinkley,page_hinkley_w16_a0.1_b4.0,16,0.1,4.0,2,2,0,1.0,"['volmageddon_2018_xiv', 'covid_mwcb_2020_03_18']",[],583.1416666666667,583.1416666666667,16,16,0,"['volmageddon_control_2018_01_24', 'volmageddon_control_2018_01_26', 'volmageddon_control_2018_01_29', 'volmageddon_control_2018_01_30', 'volmageddon_control_2018_01_31', 'volmageddon_control_2018_02_01', 'volmageddon_control_2018_02_02', 'volmageddon_control_2018_02_06', 'covid_noncollapse_2020_03_17', 'covid_noncollapse_2020_03_19', 'covid_noncollapse_2020_03_20', 'covid_noncollapse_2020_03_23', 'covid_noncollapse_2020_03_24', 'covid_noncollapse_2020_03_25', 'covid_noncollapse_2020_03_26', 'covid_noncollapse_2020_03_27']",[],1.0,0.17329321584640733,False,2419,13959
page_hinkley,page_hinkley_w16_a0.2_b2.0,16,0.2,2.0,2,2,0,1.0,"['volmageddon_2018_xiv', 'covid_mwcb_2020_03_18']",[],597.1416666666667,597.1416666666667,16,16,0,"['volmageddon_control_2018_01_24', 'volmageddon_control_2018_01_26', 'volmageddon_control_2018_01_29', 'volmageddon_control_2018_01_30', 'volmageddon_control_2018_01_31', 'volmageddon_control_2018_02_01', 'volmageddon_control_2018_02_02', 'volmageddon_control_2018_02_06', 'covid_noncollapse_2020_03_17', 'covid_noncollapse_2020_03_19', 'covid_noncollapse_2020_03_20', 'covid_noncollapse_2020_03_23', 'covid_noncollapse_2020_03_24', 'covid_noncollapse_2020_03_25', 'covid_noncollapse_2020_03_26', 'covid_noncollapse_2020_03_27']",[],1.0,0.18489863170714235,False,2581,13959
page_hinkley,page_hinkley_w16_a0.2_b3.0,16,0.2,3.0,2,2,0,1.0,"['volmageddon_2018_xiv', 'covid_mwcb_2020_03_18']",[],583.1416666666667,583.1416666666667,16,16,0,"['volmageddon_control_2018_01_24', 'volmageddon_control_2018_01_26', 'volmageddon_control_2018_01_29', 'volmageddon_control_2018_01_30', 'volmageddon_control_2018_01_31', 'volmageddon_control_2018_02_01', 'volmageddon_control_2018_02_02', 'volmageddon_control_2018_02_06', 'covid_noncollapse_2020_03_17', 'covid_noncollapse_2020_03_19', 'covid_noncollapse_2020_03_20', 'covid_noncollapse_2020_03_23', 'covid_noncollapse_2020_03_24', 'covid_noncollapse_2020_03_25', 'covid_noncollapse_2020_03_26', 'covid_noncollapse_2020_03_27']",[],1.0,0.12242997349380329,False,1709,13959
page_hinkley,page_hinkley_w16_a0.2_b4.0,16,0.2,4.0,2,2,0,1.0,"['volmageddon_2018_xiv', 'covid_mwcb_2020_03_18']",[],543.6416666666667,543.6416666666667,16,16,0,"['volmageddon_control_2018_01_24', 'volmageddon_control_2018_01_26', 'volmageddon_control_2018_01_29', 'volmageddon_control_2018_01_30', 'volmageddon_control_2018_01_31', 'volmageddon_control_2018_02_01', 'volmageddon_control_2018_02_02', 'volmageddon_control_2018_02_06', 'covid_noncollapse_2020_03_17', 'covid_noncollapse_2020_03_19', 'covid_noncollapse_2020_03_20', 'covid_noncollapse_2020_03_23', 'covid_noncollapse_2020_03_24', 'covid_noncollapse_2020_03_25', 'covid_noncollapse_2020_03_26', 'covid_noncollapse_2020_03_27']",[],1.0,0.07665305537645963,False,1070,13959
page_hinkley,page_hinkley_w30_a0.05_b2.0,30,0.05,2.0,2,2,0,1.0,"['volmageddon_2018_xiv', 'covid_mwcb_2020_03_18']",[],577.1416666666667,577.1416666666667,16,16,0,"['volmageddon_control_2018_01_24', 'volmageddon_control_2018_01_26', 'volmageddon_control_2018_01_29', 'volmageddon_control_2018_01_30', 'volmageddon_control_2018_01_31', 'volmageddon_control_2018_02_01', 'volmageddon_control_2018_02_02', 'volmageddon_control_2018_02_06', 'covid_noncollapse_2020_03_17', 'covid_noncollapse_2020_03_19', 'covid_noncollapse_2020_03_20', 'covid_noncollapse_2020_03_23', 'covid_noncollapse_2020_03_24', 'covid_noncollapse_2020_03_25', 'covid_noncollapse_2020_03_26', 'covid_noncollapse_2020_03_27']",[],1.0,0.6011891969338777,False,8392,13959
page_hinkley,page_hinkley_w30_a0.05_b3.0,30,0.05,3.0,2,2,0,1.0,"['volmageddon_2018_xiv', 'covid_mwcb_2020_03_18']",[],577.1416666666667,577.1416666666667,16,16,0,"['volmageddon_control_2018_01_24', 'volmageddon_control_2018_01_26', 'volmageddon_control_2018_01_29', 'volmageddon_control_2018_01_30', 'volmageddon_control_2018_01_31', 'volmageddon_control_2018_02_01', 'volmageddon_control_2018_02_02', 'volmageddon_control_2018_02_06', 'covid_noncollapse_2020_03_17', 'covid_noncollapse_2020_03_19', 'covid_noncollapse_2020_03_20', 'covid_noncollapse_2020_03_23', 'covid_noncollapse_2020_03_24', 'covid_noncollapse_2020_03_25', 'covid_noncollapse_2020_03_26', 'covid_noncollapse_2020_03_27']",[],1.0,0.5291209972061036,False,7386,13959
page_hinkley,page_hinkley_w30_a0.05_b4.0,30,0.05,4.0,2,2,0,1.0,"['volmageddon_2018_xiv', 'covid_mwcb_2020_03_18']",[],576.6416666666667,576.6416666666667,16,16,0,"['volmageddon_control_2018_01_24', 'volmageddon_control_2018_01_26', 'volmageddon_control_2018_01_29', 'volmageddon_control_2018_01_30', 'volmageddon_control_2018_01_31', 'volmageddon_control_2018_02_01', 'volmageddon_control_2018_02_02', 'volmageddon_control_2018_02_06', 'covid_noncollapse_2020_03_17', 'covid_noncollapse_2020_03_19', 'covid_noncollapse_2020_03_20', 'covid_noncollapse_2020_03_23', 'covid_noncollapse_2020_03_24', 'covid_noncollapse_2020_03_25', 'covid_noncollapse_2020_03_26', 'covid_noncollapse_2020_03_27']",[],1.0,0.4616376531270148,False,6444,13959
page_hinkley,page_hinkley_w30_a0.1_b2.0,30,0.1,2.0,2,2,0,1.0,"['volmageddon_2018_xiv', 'covid_mwcb_2020_03_18']",[],577.1416666666667,577.1416666666667,16,16,0,"['volmageddon_control_2018_01_24', 'volmageddon_control_2018_01_26', 'volmageddon_control_2018_01_29', 'volmageddon_control_2018_01_30', 'volmageddon_control_2018_01_31', 'volmageddon_control_2018_02_01', 'volmageddon_control_2018_02_02', 'volmageddon_control_2018_02_06', 'covid_noncollapse_2020_03_17', 'covid_noncollapse_2020_03_19', 'covid_noncollapse_2020_03_20', 'covid_noncollapse_2020_03_23', 'covid_noncollapse_2020_03_24', 'covid_noncollapse_2020_03_25', 'covid_noncollapse_2020_03_26', 'covid_noncollapse_2020_03_27']",[],1.0,0.43928648183967334,False,6132,13959
page_hinkley,page_hinkley_w30_a0.1_b3.0,30,0.1,3.0,2,2,0,1.0,"['volmageddon_2018_xiv', 'covid_mwcb_2020_03_18']",[],577.1416666666667,577.1416666666667,16,16,0,"['volmageddon_control_2018_01_24', 'volmageddon_control_2018_01_26', 'volmageddon_control_2018_01_29', 'volmageddon_control_2018_01_30', 'volmageddon_control_2018_01_31', 'volmageddon_control_2018_02_01', 'volmageddon_control_2018_02_02', 'volmageddon_control_2018_02_06', 'covid_noncollapse_2020_03_17', 'covid_noncollapse_2020_03_19', 'covid_noncollapse_2020_03_20', 'covid_noncollapse_2020_03_23', 'covid_noncollapse_2020_03_24', 'covid_noncollapse_2020_03_25', 'covid_noncollapse_2020_03_26', 'covid_noncollapse_2020_03_27']",[],1.0,0.36607206819972776,False,5110,13959
page_hinkley,page_hinkley_w30_a0.1_b4.0,30,0.1,4.0,2,2,0,1.0,"['volmageddon_2018_xiv', 'covid_mwcb_2020_03_18']",[],576.6416666666667,576.6416666666667,16,16,0,"['volmageddon_control_2018_01_24', 'volmageddon_control_2018_01_26', 'volmageddon_control_2018_01_29', 'volmageddon_control_2018_01_30', 'volmageddon_control_2018_01_31', 'volmageddon_control_2018_02_01', 'volmageddon_control_2018_02_02', 'volmageddon_control_2018_02_06', 'covid_noncollapse_2020_03_17', 'covid_noncollapse_2020_03_19', 'covid_noncollapse_2020_03_20', 'covid_noncollapse_2020_03_23', 'covid_noncollapse_2020_03_24', 'covid_noncollapse_2020_03_25', 'covid_noncollapse_2020_03_26', 'covid_noncollapse_2020_03_27']",[],1.0,0.3092628411777348,False,4317,13959
page_hinkley,page_hinkley_w30_a0.2_b2.0,30,0.2,2.0,2,2,0,1.0,"['volmageddon_2018_xiv', 'covid_mwcb_2020_03_18']",[],577.1416666666667,577.1416666666667,16,16,0,"['volmageddon_control_2018_01_24', 'volmageddon_control_2018_01_26', 'volmageddon_control_2018_01_29', 'volmageddon_control_2018_01_30', 'volmageddon_control_2018_01_31', 'volmageddon_control_2018_02_01', 'volmageddon_control_2018_02_02', 'volmageddon_control_2018_02_06', 'covid_noncollapse_2020_03_17', 'covid_noncollapse_2020_03_19', 'covid_noncollapse_2020_03_20', 'covid_noncollapse_2020_03_23', 'covid_noncollapse_2020_03_24', 'covid_noncollapse_2020_03_25', 'covid_noncollapse_2020_03_26', 'covid_noncollapse_2020_03_27']",[],1.0,0.26635145784081954,False,3718,13959
page_hinkley,page_hinkley_w30_a0.2_b3.0,30,0.2,3.0,2,2,0,1.0,"['volmageddon_2018_xiv', 'covid_mwcb_2020_03_18']",[],577.1416666666667,577.1416666666667,16,16,0,"['volmageddon_control_2018_01_24', 'volmageddon_control_2018_01_26', 'volmageddon_control_2018_01_29', 'volmageddon_control_2018_01_30', 'volmageddon_control_2018_01_31', 'volmageddon_control_2018_02_01', 'volmageddon_control_2018_02_02', 'volmageddon_control_2018_02_06', 'covid_noncollapse_2020_03_17', 'covid_noncollapse_2020_03_19', 'covid_noncollapse_2020_03_20', 'covid_noncollapse_2020_03_23', 'covid_noncollapse_2020_03_24', 'covid_noncollapse_2020_03_25', 'covid_noncollapse_2020_03_26', 'covid_noncollapse_2020_03_27']",[],1.0,0.21068844473099793,False,2941,13959
page_hinkley,page_hinkley_w30_a0.2_b4.0,30,0.2,4.0,2,2,0,1.0,"['volmageddon_2018_xiv', 'covid_mwcb_2020_03_18']",[],568.1416666666667,568.1416666666667,16,16,0,"['volmageddon_control_2018_01_24', 'volmageddon_control_2018_01_26', 'volmageddon_control_2018_01_29', 'volmageddon_control_2018_01_30', 'volmageddon_control_2018_01_31', 'volmageddon_control_2018_02_01', 'volmageddon_control_2018_02_02', 'volmageddon_control_2018_02_06', 'covid_noncollapse_2020_03_17', 'covid_noncollapse_2020_03_19', 'covid_noncollapse_2020_03_20', 'covid_noncollapse_2020_03_23', 'covid_noncollapse_2020_03_24', 'covid_noncollapse_2020_03_25', 'covid_noncollapse_2020_03_26', 'covid_noncollapse_2020_03_27']",[],1.0,0.169424743892829,False,2365,13959
page_hinkley,page_hinkley_w45_a0.05_b2.0,45,0.05,2.0,2,2,0,1.0,"['volmageddon_2018_xiv', 'covid_mwcb_2020_03_18']",[],577.1416666666667,577.1416666666667,16,16,0,"['volmageddon_control_2018_01_24', 'volmageddon_control_2018_01_26', 'volmageddon_control_2018_01_29', 'volmageddon_control_2018_01_30', 'volmageddon_control_2018_01_31', 'volmageddon_control_2018_02_01', 'volmageddon_control_2018_02_02', 'volmageddon_control_2018_02_06', 'covid_noncollapse_2020_03_17', 'covid_noncollapse_2020_03_19', 'covid_noncollapse_2020_03_20', 'covid_noncollapse_2020_03_23', 'covid_noncollapse_2020_03_24', 'covid_noncollapse_2020_03_25', 'covid_noncollapse_2020_03_26', 'covid_noncollapse_2020_03_27']",[],1.0,0.5984669388924708,False,8354,13959
page_hinkley,page_hinkley_w45_a0.05_b3.0,45,0.05,3.0,2,2,0,1.0,"['volmageddon_2018_xiv', 'covid_mwcb_2020_03_18']",[],568.6416666666667,568.6416666666667,16,16,0,"['volmageddon_control_2018_01_24', 'volmageddon_control_2018_01_26', 'volmageddon_control_2018_01_29', 'volmageddon_control_2018_01_30', 'volmageddon_control_2018_01_31', 'volmageddon_control_2018_02_01', 'volmageddon_control_2018_02_02', 'volmageddon_control_2018_02_06', 'covid_noncollapse_2020_03_17', 'covid_noncollapse_2020_03_19', 'covid_noncollapse_2020_03_20', 'covid_noncollapse_2020_03_23', 'covid_noncollapse_2020_03_24', 'covid_noncollapse_2020_03_25', 'covid_noncollapse_2020_03_26', 'covid_noncollapse_2020_03_27']",[],1.0,0.5542660649043628,False,7737,13959
page_hinkley,page_hinkley_w45_a0.05_b4.0,45,0.05,4.0,2,2,0,1.0,"['volmageddon_2018_xiv', 'covid_mwcb_2020_03_18']",[],568.1416666666667,568.1416666666667,16,16,0,"['volmageddon_control_2018_01_24', 'volmageddon_control_2018_01_26', 'volmageddon_control_2018_01_29', 'volmageddon_control_2018_01_30', 'volmageddon_control_2018_01_31', 'volmageddon_control_2018_02_01', 'volmageddon_control_2018_02_02', 'volmageddon_control_2018_02_06', 'covid_noncollapse_2020_03_17', 'covid_noncollapse_2020_03_19', 'covid_noncollapse_2020_03_20', 'covid_noncollapse_2020_03_23', 'covid_noncollapse_2020_03_24', 'covid_noncollapse_2020_03_25', 'covid_noncollapse_2020_03_26', 'covid_noncollapse_2020_03_27']",[],1.0,0.5089906153735941,False,7105,13959
page_hinkley,page_hinkley_w45_a0.1_b2.0,45,0.1,2.0,2,2,0,1.0,"['volmageddon_2018_xiv', 'covid_mwcb_2020_03_18']",[],577.1416666666667,577.1416666666667,16,16,0,"['volmageddon_control_2018_01_24', 'volmageddon_control_2018_01_26', 'volmageddon_control_2018_01_29', 'volmageddon_control_2018_01_30', 'volmageddon_control_2018_01_31', 'volmageddon_control_2018_02_01', 'volmageddon_control_2018_02_02', 'volmageddon_control_2018_02_06', 'covid_noncollapse_2020_03_17', 'covid_noncollapse_2020_03_19', 'covid_noncollapse_2020_03_20', 'covid_noncollapse_2020_03_23', 'covid_noncollapse_2020_03_24', 'covid_noncollapse_2020_03_25', 'covid_noncollapse_2020_03_26', 'covid_noncollapse_2020_03_27']",[],1.0,0.47259832366215343,False,6597,13959
page_hinkley,page_hinkley_w45_a0.1_b3.0,45,0.1,3.0,2,2,0,1.0,"['volmageddon_2018_xiv', 'covid_mwcb_2020_03_18']",[],568.6416666666667,568.6416666666667,16,16,0,"['volmageddon_control_2018_01_24', 'volmageddon_control_2018_01_26', 'volmageddon_control_2018_01_29', 'volmageddon_control_2018_01_30', 'volmageddon_control_2018_01_31', 'volmageddon_control_2018_02_01', 'volmageddon_control_2018_02_02', 'volmageddon_control_2018_02_06', 'covid_noncollapse_2020_03_17', 'covid_noncollapse_2020_03_19', 'covid_noncollapse_2020_03_20', 'covid_noncollapse_2020_03_23', 'covid_noncollapse_2020_03_24', 'covid_noncollapse_2020_03_25', 'covid_noncollapse_2020_03_26', 'covid_noncollapse_2020_03_27']",[],1.0,0.4213052510924851,False,5881,13959
page_hinkley,page_hinkley_w45_a0.1_b4.0,45,0.1,4.0,2,2,0,1.0,"['volmageddon_2018_xiv', 'covid_mwcb_2020_03_18']",[],566.6416666666667,566.6416666666667,16,16,0,"['volmageddon_control_2018_01_24', 'volmageddon_control_2018_01_26', 'volmageddon_control_2018_01_29', 'volmageddon_control_2018_01_30', 'volmageddon_control_2018_01_31', 'volmageddon_control_2018_02_01', 'volmageddon_control_2018_02_02', 'volmageddon_control_2018_02_06', 'covid_noncollapse_2020_03_17', 'covid_noncollapse_2020_03_19', 'covid_noncollapse_2020_03_20', 'covid_noncollapse_2020_03_23', 'covid_noncollapse_2020_03_24', 'covid_noncollapse_2020_03_25', 'covid_noncollapse_2020_03_26', 'covid_noncollapse_2020_03_27']",[],1.0,0.3728777133032452,False,5205,13959
page_hinkley,page_hinkley_w45_a0.2_b2.0,45,0.2,2.0,2,2,0,1.0,"['volmageddon_2018_xiv', 'covid_mwcb_2020_03_18']",[],568.6416666666667,568.6416666666667,16,16,0,"['volmageddon_control_2018_01_24', 'volmageddon_control_2018_01_26', 'volmageddon_control_2018_01_29', 'volmageddon_control_2018_01_30', 'volmageddon_control_2018_01_31', 'volmageddon_control_2018_02_01', 'volmageddon_control_2018_02_02', 'volmageddon_control_2018_02_06', 'covid_noncollapse_2020_03_17', 'covid_noncollapse_2020_03_19', 'covid_noncollapse_2020_03_20', 'covid_noncollapse_2020_03_23', 'covid_noncollapse_2020_03_24', 'covid_noncollapse_2020_03_25', 'covid_noncollapse_2020_03_26', 'covid_noncollapse_2020_03_27']",[],1.0,0.3157102944336987,False,4407,13959
page_hinkley,page_hinkley_w45_a0.2_b3.0,45,0.2,3.0,2,2,0,1.0,"['volmageddon_2018_xiv', 'covid_mwcb_2020_03_18']",[],568.1416666666667,568.1416666666667,16,16,0,"['volmageddon_control_2018_01_24', 'volmageddon_control_2018_01_26', 'volmageddon_control_2018_01_29', 'volmageddon_control_2018_01_30', 'volmageddon_control_2018_01_31', 'volmageddon_control_2018_02_01', 'volmageddon_control_2018_02_02', 'volmageddon_control_2018_02_06', 'covid_noncollapse_2020_03_17', 'covid_noncollapse_2020_03_19', 'covid_noncollapse_2020_03_20', 'covid_noncollapse_2020_03_23', 'covid_noncollapse_2020_03_24', 'covid_noncollapse_2020_03_25', 'covid_noncollapse_2020_03_26', 'covid_noncollapse_2020_03_27']",[],1.0,0.2666380113188624,False,3722,13959
page_hinkley,page_hinkley_w45_a0.2_b4.0,45,0.2,4.0,2,2,0,1.0,"['volmageddon_2018_xiv', 'covid_mwcb_2020_03_18']",[],562.6416666666667,562.6416666666667,16,16,0,"['volmageddon_control_2018_01_24', 'volmageddon_control_2018_01_26', 'volmageddon_control_2018_01_29', 'volmageddon_control_2018_01_30', 'volmageddon_control_2018_01_31', 'volmageddon_control_2018_02_01', 'volmageddon_control_2018_02_02', 'volmageddon_control_2018_02_06', 'covid_noncollapse_2020_03_17', 'covid_noncollapse_2020_03_19', 'covid_noncollapse_2020_03_20', 'covid_noncollapse_2020_03_23', 'covid_noncollapse_2020_03_24', 'covid_noncollapse_2020_03_25', 'covid_noncollapse_2020_03_26', 'covid_noncollapse_2020_03_27']",[],1.0,0.2264488860233541,False,3161,13959
page_hinkley,page_hinkley_w60_a0.05_b2.0,60,0.05,2.0,2,2,0,1.0,"['volmageddon_2018_xiv', 'covid_mwcb_2020_03_18']",[],568.6416666666667,568.6416666666667,16,16,0,"['volmageddon_control_2018_01_24', 'volmageddon_control_2018_01_26', 'volmageddon_control_2018_01_29', 'volmageddon_control_2018_01_30', 'volmageddon_control_2018_01_31', 'volmageddon_control_2018_02_01', 'volmageddon_control_2018_02_02', 'volmageddon_control_2018_02_06', 'covid_noncollapse_2020_03_17', 'covid_noncollapse_2020_03_19', 'covid_noncollapse_2020_03_20', 'covid_noncollapse_2020_03_23', 'covid_noncollapse_2020_03_24', 'covid_noncollapse_2020_03_25', 'covid_noncollapse_2020_03_26', 'covid_noncollapse_2020_03_27']",[],1.0,0.5884375671609714,False,8214,13959
page_hinkley,page_hinkley_w60_a0.05_b3.0,60,0.05,3.0,2,2,0,1.0,"['volmageddon_2018_xiv', 'covid_mwcb_2020_03_18']",[],566.1416666666667,566.1416666666667,16,16,0,"['volmageddon_control_2018_01_24', 'volmageddon_control_2018_01_26', 'volmageddon_control_2018_01_29', 'volmageddon_control_2018_01_30', 'volmageddon_control_2018_01_31', 'volmageddon_control_2018_02_01', 'volmageddon_control_2018_02_02', 'volmageddon_control_2018_02_06', 'covid_noncollapse_2020_03_17', 'covid_noncollapse_2020_03_19', 'covid_noncollapse_2020_03_20', 'covid_noncollapse_2020_03_23', 'covid_noncollapse_2020_03_24', 'covid_noncollapse_2020_03_25', 'covid_noncollapse_2020_03_26', 'covid_noncollapse_2020_03_27']",[],1.0,0.5476036965398667,False,7644,13959
page_hinkley,page_hinkley_w60_a0.05_b4.0,60,0.05,4.0,2,2,0,1.0,"['volmageddon_2018_xiv', 'covid_mwcb_2020_03_18']",[],562.6416666666667,562.6416666666667,16,16,0,"['volmageddon_control_2018_01_24', 'volmageddon_control_2018_01_26', 'volmageddon_control_2018_01_29', 'volmageddon_control_2018_01_30', 'volmageddon_control_2018_01_31', 'volmageddon_control_2018_02_01', 'volmageddon_control_2018_02_02', 'volmageddon_control_2018_02_06', 'covid_noncollapse_2020_03_17', 'covid_noncollapse_2020_03_19', 'covid_noncollapse_2020_03_20', 'covid_noncollapse_2020_03_23', 'covid_noncollapse_2020_03_24', 'covid_noncollapse_2020_03_25', 'covid_noncollapse_2020_03_26', 'covid_noncollapse_2020_03_27']",[],1.0,0.5147933233039615,False,7186,13959
page_hinkley,page_hinkley_w60_a0.1_b2.0,60,0.1,2.0,2,2,0,1.0,"['volmageddon_2018_xiv', 'covid_mwcb_2020_03_18']",[],568.1416666666667,568.1416666666667,16,16,0,"['volmageddon_control_2018_01_24', 'volmageddon_control_2018_01_26', 'volmageddon_control_2018_01_29', 'volmageddon_control_2018_01_30', 'volmageddon_control_2018_01_31', 'volmageddon_control_2018_02_01', 'volmageddon_control_2018_02_02', 'volmageddon_control_2018_02_06', 'covid_noncollapse_2020_03_17', 'covid_noncollapse_2020_03_19', 'covid_noncollapse_2020_03_20', 'covid_noncollapse_2020_03_23', 'covid_noncollapse_2020_03_24', 'covid_noncollapse_2020_03_25', 'covid_noncollapse_2020_03_26', 'covid_noncollapse_2020_03_27']",[],1.0,0.4801919908302887,False,6703,13959
page_hinkley,page_hinkley_w60_a0.1_b3.0,60,0.1,3.0,2,2,0,1.0,"['volmageddon_2018_xiv', 'covid_mwcb_2020_03_18']",[],565.1416666666667,565.1416666666667,16,16,0,"['volmageddon_control_2018_01_24', 'volmageddon_control_2018_01_26', 'volmageddon_control_2018_01_29', 'volmageddon_control_2018_01_30', 'volmageddon_control_2018_01_31', 'volmageddon_control_2018_02_01', 'volmageddon_control_2018_02_02', 'volmageddon_control_2018_02_06', 'covid_noncollapse_2020_03_17', 'covid_noncollapse_2020_03_19', 'covid_noncollapse_2020_03_20', 'covid_noncollapse_2020_03_23', 'covid_noncollapse_2020_03_24', 'covid_noncollapse_2020_03_25', 'covid_noncollapse_2020_03_26', 'covid_noncollapse_2020_03_27']",[],1.0,0.4351314564080522,False,6074,13959
page_hinkley,page_hinkley_w60_a0.1_b4.0,60,0.1,4.0,2,2,0,1.0,"['volmageddon_2018_xiv', 'covid_mwcb_2020_03_18']",[],558.6416666666667,558.6416666666667,16,16,0,"['volmageddon_control_2018_01_24', 'volmageddon_control_2018_01_26', 'volmageddon_control_2018_01_29', 'volmageddon_control_2018_01_30', 'volmageddon_control_2018_01_31', 'volmageddon_control_2018_02_01', 'volmageddon_control_2018_02_02', 'volmageddon_control_2018_02_06', 'covid_noncollapse_2020_03_17', 'covid_noncollapse_2020_03_19', 'covid_noncollapse_2020_03_20', 'covid_noncollapse_2020_03_23', 'covid_noncollapse_2020_03_24', 'covid_noncollapse_2020_03_25', 'covid_noncollapse_2020_03_26', 'covid_noncollapse_2020_03_27']",[],1.0,0.40117486925997564,False,5600,13959
page_hinkley,page_hinkley_w60_a0.2_b2.0,60,0.2,2.0,2,2,0,1.0,"['volmageddon_2018_xiv', 'covid_mwcb_2020_03_18']",[],568.1416666666667,568.1416666666667,16,16,0,"['volmageddon_control_2018_01_24', 'volmageddon_control_2018_01_26', 'volmageddon_control_2018_01_29', 'volmageddon_control_2018_01_30', 'volmageddon_control_2018_01_31', 'volmageddon_control_2018_02_01', 'volmageddon_control_2018_02_02', 'volmageddon_control_2018_02_06', 'covid_noncollapse_2020_03_17', 'covid_noncollapse_2020_03_19', 'covid_noncollapse_2020_03_20', 'covid_noncollapse_2020_03_23', 'covid_noncollapse_2020_03_24', 'covid_noncollapse_2020_03_25', 'covid_noncollapse_2020_03_26', 'covid_noncollapse_2020_03_27']",[],1.0,0.3301812450748621,False,4609,13959
page_hinkley,page_hinkley_w60_a0.2_b3.0,60,0.2,3.0,2,2,0,1.0,"['volmageddon_2018_xiv', 'covid_mwcb_2020_03_18']",[],564.1416666666667,564.1416666666667,16,16,0,"['volmageddon_control_2018_01_24', 'volmageddon_control_2018_01_26', 'volmageddon_control_2018_01_29', 'volmageddon_control_2018_01_30', 'volmageddon_control_2018_01_31', 'volmageddon_control_2018_02_01', 'volmageddon_control_2018_02_02', 'volmageddon_control_2018_02_06', 'covid_noncollapse_2020_03_17', 'covid_noncollapse_2020_03_19', 'covid_noncollapse_2020_03_20', 'covid_noncollapse_2020_03_23', 'covid_noncollapse_2020_03_24', 'covid_noncollapse_2020_03_25', 'covid_noncollapse_2020_03_26', 'covid_noncollapse_2020_03_27']",[],1.0,0.2892757360842467,False,4038,13959
page_hinkley,page_hinkley_w60_a0.2_b4.0,60,0.2,4.0,2,2,0,1.0,"['volmageddon_2018_xiv', 'covid_mwcb_2020_03_18']",[],519.1416666666667,519.1416666666667,16,16,0,"['volmageddon_control_2018_01_24', 'volmageddon_control_2018_01_26', 'volmageddon_control_2018_01_29', 'volmageddon_control_2018_01_30', 'volmageddon_control_2018_01_31', 'volmageddon_control_2018_02_01', 'volmageddon_control_2018_02_02', 'volmageddon_control_2018_02_06', 'covid_noncollapse_2020_03_17', 'covid_noncollapse_2020_03_19', 'covid_noncollapse_2020_03_20', 'covid_noncollapse_2020_03_23', 'covid_noncollapse_2020_03_24', 'covid_noncollapse_2020_03_25', 'covid_noncollapse_2020_03_26', 'covid_noncollapse_2020_03_27']",[],1.0,0.25696683143491655,False,3587,13959
